Flag/Circled,Label,Dynamic Metadata,Name,Reel/Tape,Camera,Shoot Date,Shooting Day,Crew Unit,Episode,Scene,Take,Duration,Look Source Name,Look Name,CDL Nodes,SAT Nodes,Director,Cinematographer,EI/ISO (clip),WB (clip),Tint (clip),Frames,Shutter Angle,Sensor FPS,Lens Model,Focal Length,T-Stop,Focus Distance,Codec,File Type,Resolution,Project FPS,TC Start,TC End,File Size,Soundroll,In/Out Duration,Firmware Version,Lens Serial,Recorder Model,LUT Nodes,ShotID,Shothub Link
"","No Label","","D_0004C001_250521_093504_h1EI5","D_0004_1EI5","D_","20250521","SD003","ENT","301","129B","01","83","102_F","102_F","(1.0046 0.9985 1.0006) (-0.0073 0.0025 -0.0033) (1.0106 1.0106 1.0106)","0.95","Charlotte Brandstorm","Alex Disenhof","800","3200 K","0","1990","172.8° @ 24fps","24","COOKE S4 753","40.0 mm","2.8 2/10","13.5 ft","ARRIRAW (13bit, HDE)","mxf","4608x3164","24","09:35:25.11","09:36:48.09","20116062580","SR003","1990","4.00.00","753","ARRI ALEXA 35","LogC4AWG4_mktG3_Rec709.cube","YEJ-2VE-ZH2","https://shotid.net/YEJ-2VE-ZH2"
"","No Label","","D_0004C002_250521_094039_h1EI5","D_0004_1EI5","D_","20250521","SD003","ENT","301","129B","02","97","102_F","102_F","(1.0046 0.9985 1.0006) (-0.0073 0.0025 -0.0033) (1.0106 1.0106 1.0106)","0.95","Charlotte Brandstorm","Alex Disenhof","800","3200 K","0","2332","172.8° @ 24fps","24","COOKE S4 753","40.0 mm","2.8 2/10","9.83 ft","ARRIRAW (13bit, HDE)","mxf","4608x3164","24","09:41:00.14","09:42:37.18","23368176024","SR003","2332","4.00.00","753","ARRI ALEXA 35","LogC4AWG4_mktG3_Rec709.cube","E28-TGY-AE8","https://shotid.net/E28-TGY-AE8"
"","No Label","","D_0004C003_250521_094421_h1EI5","D_0004_1EI5","D_","20250521","SD003","ENT","301","129B","03","97","102_F","102_F","(1.0046 0.9985 1.0006) (-0.0073 0.0025 -0.0033) (1.0106 1.0106 1.0106)","0.95","Charlotte Brandstorm","Alex Disenhof","800","3200 K","0","2325","172.8° @ 24fps","24","COOKE S4 753","40.0 mm","2.8 2/10","10.5 ft","ARRIRAW (13bit, HDE)","mxf","4608x3164","24","09:44:42.19","09:46:19.16","23135834520","SR003","2325","4.00.00","753","ARRI ALEXA 35","LogC4AWG4_mktG3_Rec709.cube","RPU-YSK-VGM","https://shotid.net/RPU-YSK-VGM"
"X","No Label","","D_0004C004_250521_094731_h1EI5","D_0004_1EI5","D_","20250521","SD003","ENT","301","129B","04","90","102_F","102_F","(1.0046 0.9985 1.0006) (-0.0073 0.0025 -0.0033) (1.0106 1.0106 1.0106)","0.95","Charlotte Brandstorm","Alex Disenhof","800","3200 K","0","2167","172.8° @ 24fps","24","COOKE S4 753","40.0 mm","2.8 2/10","8.78 ft","ARRIRAW (13bit, HDE)","mxf","4608x3164","24","09:47:53.00","09:49:23.07","21504389528","SR003","2167","4.00.00","753","ARRI ALEXA 35","LogC4AWG4_mktG3_Rec709.cube","3XR-WPL-CRM","https://shotid.net/3XR-WPL-CRM"
"","No Label","","D_0004C005_250521_094926_h1EI5","D_0004_1EI5","D_","20250521","SD003","ENT","301","129B","05","47","102_F","102_F","(1.0046 0.9985 1.0006) (-0.0073 0.0025 -0.0033) (1.0106 1.0106 1.0106)","0.95","Charlotte Brandstorm","Alex Disenhof","800","3200 K","0","1135","172.8° @ 24fps","24","COOKE S4 753","40.0 mm","2.8 2/10","4.18 ft","ARRIRAW (13bit, HDE)","mxf","4608x3164","24","09:49:47.12","09:50:34.19","11510669540","","1135","4.00.00","753","ARRI ALEXA 35","LogC4AWG4_mktG3_Rec709.cube","BS3-XR9-Z97","https://shotid.net/BS3-XR9-Z97"
"","No Label","","D_0004C006_250521_100400_h1EI5","D_0004_1EI5","D_","20250521","SD003","ENT","301","129C","01","88","102_F","102_F","(1.0046 0.9985 1.0006) (-0.0073 0.0025 -0.0033) (1.0106 1.0106 1.0106)","0.95","Charlotte Brandstorm","Alex Disenhof","800","3200 K","0","2105","172.8° @ 24fps","24","COOKE S4 949","65.0 mm","2.8 1/10","9.90 ft","ARRIRAW (13bit, HDE)","mxf","4608x3164","24","10:04:22.01","10:05:49.18","20795715956","SR003","2105","4.00.00","949","ARRI ALEXA 35","LogC4AWG4_mktG3_Rec709.cube","HGU-9LP-QHP","https://shotid.net/HGU-9LP-QHP"
"","No Label","","D_0004C007_250521_100605_h1EI5","D_0004_1EI5","D_","20250521","SD003","ENT","301","129C","02","77","102_F","102_F","(1.0046 0.9985 1.0006) (-0.0073 0.0025 -0.0033) (1.0106 1.0106 1.0106)","0.95","Charlotte Brandstorm","Alex Disenhof","800","3200 K","0","1852","172.8° @ 24fps","24","COOKE S4 949","65.0 mm","2.8 1/10","11.2 ft","ARRIRAW (13bit, HDE)","mxf","4608x3164","24","10:06:27.02","10:07:44.06","18429604176","SR003","1852","4.00.00","949","ARRI ALEXA 35","LogC4AWG4_mktG3_Rec709.cube","JUP-S43-5ZV","https://shotid.net/JUP-S43-5ZV"
"","No Label","","D_0004C008_250521_100728_h1EI5","D_0004_1EI5","D_","20250521","SD003","ENT","301","129C","02","3","102_F","102_F","(1.0046 0.9985 1.0006) (-0.0073 0.0025 -0.0033) (1.0106 1.0106 1.0106)","0.95","Charlotte Brandstorm","Alex Disenhof","800","3200 K","0","63","172.8° @ 24fps","24","COOKE S4 949","65.0 mm","2.8 1/10","4.74 ft","ARRIRAW (13bit, HDE)","mxf","4608x3164","24","10:07:49.17","10:07:52.08","695595092","SR003","63","4.00.00","949","ARRI ALEXA 35","LogC4AWG4_mktG3_Rec709.cube","A7H-P6A-LVR","https://shotid.net/A7H-P6A-LVR"
"X","No Label","","D_0004C009_250521_100857_h1EI5","D_0004_1EI5","D_","20250521","SD003","ENT","301","129C","03","82","102_F","102_F","(1.0046 0.9985 1.0006) (-0.0073 0.0025 -0.0033) (1.0106 1.0106 1.0106)","0.95","Charlotte Brandstorm","Alex Disenhof","800","3200 K","0","1963","172.8° @ 24fps","24","COOKE S4 949","65.0 mm","2.8 1/10","10.8 ft","ARRIRAW (13bit, HDE)","mxf","4608x3164","24","10:09:18.21","10:10:40.16","19546550644","SR003","1963","4.00.00","949","ARRI ALEXA 35","LogC4AWG4_mktG3_Rec709.cube","9FD-S56-MLZ","https://shotid.net/9FD-S56-MLZ"
"","No Label","","D_0004C010_250521_101046_h1EI5","D_0004_1EI5","D_","20250521","SD003","ENT","301","129C","04","19","102_F","102_F","(1.0046 0.9985 1.0006) (-0.0073 0.0025 -0.0033) (1.0106 1.0106 1.0106)","0.95","Charlotte Brandstorm","Alex Disenhof","800","3200 K","0","453","172.8° @ 24fps","24","COOKE S4 949","65.0 mm","2.8 1/10","7.06 ft","ARRIRAW (13bit, HDE)","mxf","4608x3164","24","10:11:08.05","10:11:27.02","4570669176","","453","4.00.00","949","ARRI ALEXA 35","LogC4AWG4_mktG3_Rec709.cube","J8K-7GP-SV7","https://shotid.net/J8K-7GP-SV7"
"","No Label","","D_0004C011_250521_102434_h1EI5","D_0004_1EI5","D_","20250521","SD003","ENT","301","129C","04","14","102_F","102_F","(1.0046 0.9985 1.0006) (-0.0073 0.0025 -0.0033) (1.0106 1.0106 1.0106)","0.95","Charlotte Brandstorm","Alex Disenhof","800","3200 K","0","325","172.8° @ 24fps","24","COOKE S4 753","40.0 mm","2.8 1/10","6.09 ft","ARRIRAW (13bit, HDE)","mxf","4608x3164","24","10:24:55.20","10:25:09.09","2932793464","","325","4.00.00","753","ARRI ALEXA 35","LogC4AWG4_mktG3_Rec709.cube","A8K-TBZ-URN","https://shotid.net/A8K-TBZ-URN"
"","No Label","","D_0004C012_250521_111001_h1EI5","D_0004_1EI5","D_","20250521","SD003","ENT","301","129D","01","76","102_F","102_F","(1.0046 0.9985 1.0006) (-0.0073 0.0025 -0.0033) (1.0106 1.0106 1.0106)","0.95","Charlotte Brandstorm","Alex Disenhof","800","3200 K","0","1822","172.8° @ 24fps","24","COOKE S4 753","40.0 mm","2.8 1/10","8.31 ft","ARRIRAW (13bit, HDE)","mxf","4608x3164","24","11:10:22.09","11:11:38.07","19603165520","SR003","1822","4.00.00","753","ARRI ALEXA 35","LogC4AWG4_mktG3_Rec709.cube","WNF-R75-D5D","https://shotid.net/WNF-R75-D5D"
"X","No Label","","D_0004C013_250521_111244_h1EI5","D_0004_1EI5","D_","20250521","SD003","ENT","301","129D","02","251","102_F","102_F","(1.0046 0.9985 1.0006) (-0.0073 0.0025 -0.0033) (1.0106 1.0106 1.0106)","0.95","Charlotte Brandstorm","Alex Disenhof","800","3200 K","0","6017","172.8° @ 24fps","24","COOKE S4 753","40.0 mm","2.8 2/10","8.61 ft","ARRIRAW (13bit, HDE)","mxf","4608x3164","24","11:13:05.19","11:17:16.12","62851048408","SR003","6017","4.00.00","753","ARRI ALEXA 35","LogC4AWG4_mktG3_Rec709.cube","9F7-8CZ-7CN","https://shotid.net/9F7-8CZ-7CN"
"","No Label","","D_0004C014_250521_111743_h1EI5","D_0004_1EI5","D_","20250521","SD003","ENT","301","129D","02","49","102_F","102_F","(1.0046 0.9985 1.0006) (-0.0073 0.0025 -0.0033) (1.0106 1.0106 1.0106)","0.95","Charlotte Brandstorm","Alex Disenhof","800","3200 K","0","1187","172.8° @ 24fps","24","COOKE S4 753","40.0 mm","2.8","8.31 ft","ARRIRAW (13bit, HDE)","mxf","4608x3164","24","11:18:05.01","11:18:54.12","12502548708","","1187","4.00.00","753","ARRI ALEXA 35","LogC4AWG4_mktG3_Rec709.cube","SG9-JAY-5EX","https://shotid.net/SG9-JAY-5EX"
"","No Label","","D_0004C015_250521_114400_h1EI5","D_0004_1EI5","D_","20250521","SD003","ENT","301","129E","01","64","102_F","102_F","(1.0046 0.9985 1.0006) (-0.0073 0.0025 -0.0033) (1.0106 1.0106 1.0106)","0.95","Charlotte Brandstorm","Alex Disenhof","800","3200 K","0","1539","172.8° @ 24fps","24","COOKE S4 962","50.0 mm","2.8","5.78 ft","ARRIRAW (13bit, HDE)","mxf","4608x3164","24","11:44:21.06","11:45:25.09","16446550316","SR003","1539","4.00.00","962","ARRI ALEXA 35","LogC4AWG4_mktG3_Rec709.cube","DBC-73U-T55","https://shotid.net/DBC-73U-T55"
"","No Label","","D_0004C016_250521_114535_h1EI5","D_0004_1EI5","D_","20250521","SD003","ENT","301","129E","02","126","102_F","102_F","(1.0046 0.9985 1.0006) (-0.0073 0.0025 -0.0033) (1.0106 1.0106 1.0106)","0.95","Charlotte Brandstorm","Alex Disenhof","800","3200 K","0","3034","172.8° @ 24fps","24","COOKE S4 962","50.0 mm","2.8","5.78 ft","ARRIRAW (13bit, HDE)","mxf","4608x3164","24","11:45:56.11","11:48:02.21","32376295940","SR003","3034","4.00.00","962","ARRI ALEXA 35","LogC4AWG4_mktG3_Rec709.cube","6U4-2YG-DY2","https://shotid.net/6U4-2YG-DY2"
"X","No Label","","D_0004C017_250521_114949_h1EI5","D_0004_1EI5","D_","20250521","SD003","ENT","301","129E","03","124","102_F","102_F","(1.0046 0.9985 1.0006) (-0.0073 0.0025 -0.0033) (1.0106 1.0106 1.0106)","0.95","Charlotte Brandstorm","Alex Disenhof","800","3200 K","0","2978","172.8° @ 24fps","24","COOKE S4 962","50.0 mm","2.8","6.13 ft","ARRIRAW (13bit, HDE)","mxf","4608x3164","24","11:50:10.18","11:52:14.20","31719416324","SR003","2978","4.00.00","962","ARRI ALEXA 35","LogC4AWG4_mktG3_Rec709.cube","9HV-KT7-HSF","https://shotid.net/9HV-KT7-HSF"
"","No Label","","D_0004C018_250521_115225_h1EI5","D_0004_1EI5","D_","20250521","SD003","ENT","301","129E","03","18","102_F","102_F","(1.0046 0.9985 1.0006) (-0.0073 0.0025 -0.0033) (1.0106 1.0106 1.0106)","0.95","Charlotte Brandstorm","Alex Disenhof","800","3200 K","0","432","172.8° @ 24fps","24","COOKE S4 962","50.0 mm","2.8","7.24 ft","ARRIRAW (13bit, HDE)","mxf","4608x3164","24","11:52:46.10","11:53:04.10","4602703992","","432","4.00.00","962","ARRI ALEXA 35","LogC4AWG4_mktG3_Rec709.cube","CNP-ZC9-UV5","https://shotid.net/CNP-ZC9-UV5"
"","No Label","","D_0004C019_250521_123607_h1EI5","D_0004_1EI5","D_","20250521","SD003","ENT","301","129F","01","74","102_F","102_F","(1.0046 0.9985 1.0006) (-0.0073 0.0025 -0.0033) (1.0106 1.0106 1.0106)","0.95","Charlotte Brandstorm","Alex Disenhof","800","3200 K","0","1772","172.8° @ 24fps","24","COOKE S4 911","35.0 mm","2.8 2/10","2.83 ft","ARRIRAW (13bit, HDE)","mxf","4608x3164","24","12:36:28.13","12:37:42.09","17714782544","SR003","1772","4.00.00","911","ARRI ALEXA 35","LogC4AWG4_mktG3_Rec709.cube","YN2-LKS-HZH","https://shotid.net/YN2-LKS-HZH"
"","No Label","","D_0004C020_250521_123857_h1EI5","D_0004_1EI5","D_","20250521","SD003","ENT","301","129F","02","186","102_F","102_F","(1.0046 0.9985 1.0006) (-0.0073 0.0025 -0.0033) (1.0106 1.0106 1.0106)","0.95","Charlotte Brandstorm","Alex Disenhof","800","3200 K","0","4461","172.8° @ 24fps","24","COOKE S4 911","35.0 mm","2.8 2/10","2.84 ft","ARRIRAW (13bit, HDE)","mxf","4608x3164","24","12:39:18.12","12:42:24.09","43858858716","SR003","4461","4.00.00","911","ARRI ALEXA 35","LogC4AWG4_mktG3_Rec709.cube","WUR-MYG-WQC","https://shotid.net/WUR-MYG-WQC"
"X","No Label","","D_0005C001_250521_124425_h1EI5","D_0005_1EI5","D_","20250521","SD003","ENT","301","129F","03","391","102_F","102_F","(1.0046 0.9985 1.0006) (-0.0073 0.0025 -0.0033) (1.0106 1.0106 1.0106)","0.95","Charlotte Brandstorm","Alex Disenhof","800","3200 K","0","9391","172.8° @ 24fps","24","COOKE S4 911","35.0 mm","2.8 2/10","3.03 ft","ARRIRAW (13bit, HDE)","mxf","4608x3164","24","12:44:46.23","12:51:18.06","92280264144","SR003","9391","4.00.00","911","ARRI ALEXA 35","LogC4AWG4_mktG3_Rec709.cube","R4B-76P-2XZ","https://shotid.net/R4B-76P-2XZ"
"","No Label","","D_0005C002_250521_125136_h1EI5","D_0005_1EI5","D_","20250521","SD003","ENT","301","129F","03","50","102_F","102_F","(1.0046 0.9985 1.0006) (-0.0073 0.0025 -0.0033) (1.0106 1.0106 1.0106)","0.95","Charlotte Brandstorm","Alex Disenhof","800","3200 K","0","1192","172.8° @ 24fps","24","COOKE S4 911","35.0 mm","2.8 2/10","3.05 ft","ARRIRAW (13bit, HDE)","mxf","4608x3164","24","12:51:58.03","12:52:47.19","11396292836","SR003","1192","4.00.00","911","ARRI ALEXA 35","LogC4AWG4_mktG3_Rec709.cube","64C-G2H-KSR","https://shotid.net/64C-G2H-KSR"
"","No Label","","D_0005C003_250521_125556_h1EI5","D_0005_1EI5","D_","20250521","SD003","ENT","301","129F 129F","04","56","102_F","102_F","(1.0046 0.9985 1.0006) (-0.0073 0.0025 -0.0033) (1.0106 1.0106 1.0106)","0.95","Charlotte Brandstorm","Alex Disenhof","800","3200 K","0","1336","172.8° @ 24fps","24","COOKE S4 911","35.0 mm","2.8 2/10","3.20 ft","ARRIRAW (13bit, HDE)","mxf","4608x3164","24","12:56:17.06","12:57:12.22","13168156936","","1336","4.00.00","911","ARRI ALEXA 35","LogC4AWG4_mktG3_Rec709.cube","NUF-4QH-8L8","https://shotid.net/NUF-4QH-8L8"
"","No Label","","B_0004C001_250521_145739_h1CZ7","B_0004_1CZ7","B_","20250521","SD003","ENT","301","129H","01","97","103_F","103_F","(0.9714 0.9683 0.9714) (-0.0045 0.0023 -0.0045) (1.0190 1.0190 1.0190)","0.95","Charlotte Brandstorm","Alex Disenhof","800","3200 K","0","2318","172.8° @ 24fps","24","COOKE S4 917","50.0 mm","2 6/10","10.6 ft","ARRIRAW (13bit, HDE)","mxf","4608x3164","24","15:58:56.08","16:00:32.22","23008854424","SR003","2318","4.00.00","917","ARRI ALEXA 35","LogC4AWG4_mktG3_Rec709.cube","2UZ-FWT-MHF","https://shotid.net/2UZ-FWT-MHF"
"","No Label","","B_0004C002_250521_150206_h1CZ7","B_0004_1CZ7","B_","20250521","SD003","ENT","301","129H","02","88","103_F","103_F","(0.9714 0.9683 0.9714) (-0.0045 0.0023 -0.0045) (1.0190 1.0190 1.0190)","0.95","Charlotte Brandstorm","Alex Disenhof","800","3200 K","0","2100","172.8° @ 24fps","24","COOKE S4 917","50.0 mm","2 7/10","10.6 ft","ARRIRAW (13bit, HDE)","mxf","4608x3164","24","16:03:23.14","16:04:51.02","20765016436","SR003","2100","4.00.00","917","ARRI ALEXA 35","LogC4AWG4_mktG3_Rec709.cube","L5N-B59-2QZ","https://shotid.net/L5N-B59-2QZ"
"X","No Label","","B_0004C003_250521_150504_h1CZ7","B_0004_1CZ7","B_","20250521","SD003","ENT","301","129H","03","205","103_F","103_F","(0.9714 0.9683 0.9714) (-0.0045 0.0023 -0.0045) (1.0190 1.0190 1.0190)","0.95","Charlotte Brandstorm","Alex Disenhof","800","3200 K","0","4911","172.8° @ 24fps","24","COOKE S4 917","50.0 mm","2 6/10","10.5 ft","ARRIRAW (13bit, HDE)","mxf","4608x3164","24","16:06:20.20","16:09:45.11","48861549348","SR003","4911","4.00.00","917","ARRI ALEXA 35","LogC4AWG4_mktG3_Rec709.cube","CPC-YCA-U56","https://shotid.net/CPC-YCA-U56"
"","No Label","","B_0004C004_250521_150903_h1CZ7","B_0004_1CZ7","B_","20250521","SD003","ENT","301","129H","04","59","103_F","103_F","(0.9714 0.9683 0.9714) (-0.0045 0.0023 -0.0045) (1.0190 1.0190 1.0190)","0.95","Charlotte Brandstorm","Alex Disenhof","800","3200 K","0","1417","172.8° @ 24fps","24","COOKE S4 917","50.0 mm","2 6/10","10.5 ft","ARRIRAW (13bit, HDE)","mxf","4608x3164","24","16:10:20.06","16:11:19.07","14154961160","","1417","4.00.00","917","ARRI ALEXA 35","LogC4AWG4_mktG3_Rec709.cube","MGY-NW2-XD6","https://shotid.net/MGY-NW2-XD6"
"X","No Label","","B_0004C005_250521_160410_h1CZ7","B_0004_1CZ7","B_","20250521","SD003","ENT","301","129J","01","173","103_F","103_F","(0.9714 0.9683 0.9714) (-0.0045 0.0023 -0.0045) (1.0190 1.0190 1.0190)","0.95","Charlotte Brandstorm","Alex Disenhof","800","3200 K","0","4147","172.8° @ 24fps","24","COOKE S4 918","40.0 mm","2 8/10","4.69 ft","ARRIRAW (13bit, HDE)","mxf","4608x3164","24","17:05:27.16","17:08:20.11","40828195512","SR003","4147","4.00.00","918","ARRI ALEXA 35","LogC4AWG4_mktG3_Rec709.cube","D9Q-DJ6-8E6","https://shotid.net/D9Q-DJ6-8E6"
"","No Label","","B_0004C006_250521_160823_h1CZ7","B_0004_1CZ7","B_","20250521","SD003","ENT","301","129J","02","12","103_F","103_F","(0.9714 0.9683 0.9714) (-0.0045 0.0023 -0.0045) (1.0190 1.0190 1.0190)","0.95","Charlotte Brandstorm","Alex Disenhof","800","3200 K","0","294","172.8° @ 24fps","24","COOKE S4 918","40.0 mm","2 8/10","4.92 ft","ARRIRAW (13bit, HDE)","mxf","4608x3164","24","17:09:40.10","17:09:52.16","2952548472","","294","4.00.00","918","ARRI ALEXA 35","LogC4AWG4_mktG3_Rec709.cube","K2D-T4H-PU3","https://shotid.net/K2D-T4H-PU3"
"","No Label","","B_0004C007_250521_161059_h1CZ7","B_0004_1CZ7","B_","20250521","SD003","ENT","301","129K","01","74","103_F","103_F","(0.9714 0.9683 0.9714) (-0.0045 0.0023 -0.0045) (1.0190 1.0190 1.0190)","0.95","Charlotte Brandstorm","Alex Disenhof","800","3200 K","0","1778","172.8° @ 24fps","24","COOKE S4 918","40.0 mm","2 8/10","4.92 ft","ARRIRAW (13bit, HDE)","mxf","4608x3164","24","17:12:16.04","17:13:30.06","17494589776","SR003","1778","4.00.00","918","ARRI ALEXA 35","LogC4AWG4_mktG3_Rec709.cube","EX3-7WM-AYS","https://shotid.net/EX3-7WM-AYS"
"X","No Label","","B_0004C008_250521_161421_h1CZ7","B_0004_1CZ7","B_","20250521","SD003","ENT","301","129K","02","344","103_F","103_F","(0.9714 0.9683 0.9714) (-0.0045 0.0023 -0.0045) (1.0190 1.0190 1.0190)","0.95","Charlotte Brandstorm","Alex Disenhof","800","3200 K","0","8256","172.8° @ 24fps","24","COOKE S4 918","40.0 mm","2 8/10","4.61 ft","ARRIRAW (13bit, HDE)","mxf","4608x3164","24","17:15:37.21","17:21:21.21","80983377180","SR003","8256","4.00.00","918","ARRI ALEXA 35","LogC4AWG4_mktG3_Rec709.cube","AUD-HHN-G9F","https://shotid.net/AUD-HHN-G9F"
"","No Label","","B_0004C009_250521_162045_h1CZ7","B_0004_1CZ7","B_","20250521","SD003","ENT","301","129K","03","25","103_F","103_F","(0.9714 0.9683 0.9714) (-0.0045 0.0023 -0.0045) (1.0190 1.0190 1.0190)","0.95","Charlotte Brandstorm","Alex Disenhof","800","3200 K","0","596","172.8° @ 24fps","24","COOKE S4 918","40.0 mm","2 8/10","3.98 ft","ARRIRAW (13bit, HDE)","mxf","4608x3164","24","17:22:02.12","17:22:27.08","5950455964","","596","4.00.00","918","ARRI ALEXA 35","LogC4AWG4_mktG3_Rec709.cube","7JJ-L64-7XV","https://shotid.net/7JJ-L64-7XV"
"","No Label","","B_0005C001_250521_163058_h1CZ7","B_0005_1CZ7","B_","20250521","SD003","ENT","301","129L","01","168","103_F","103_F","(0.9714 0.9683 0.9714) (-0.0045 0.0023 -0.0045) (1.0190 1.0190 1.0190)","0.95","Charlotte Brandstorm","Alex Disenhof","800","3200 K","0","4037","172.8° @ 24fps","24","COOKE S4 918","40.0 mm","2 8/10","4.65 ft","ARRIRAW (13bit, HDE)","mxf","4608x3164","24","17:32:15.05","17:35:03.10","39585731220","SR003","4037","4.00.00","918","ARRI ALEXA 35","LogC4AWG4_mktG3_Rec709.cube","6CM-3S9-HNK","https://shotid.net/6CM-3S9-HNK"
"X","No Label","","B_0005C002_250521_163401_h1CZ7","B_0005_1CZ7","B_","20250521","SD003","ENT","301","129L","02","323","103_F","103_F","(0.9714 0.9683 0.9714) (-0.0045 0.0023 -0.0045) (1.0190 1.0190 1.0190)","0.95","Charlotte Brandstorm","Alex Disenhof","800","3200 K","0","7740","172.8° @ 24fps","24","COOKE S4 918","40.0 mm","2 8/10","4.81 ft","ARRIRAW (13bit, HDE)","mxf","4608x3164","24","17:35:18.11","17:40:40.23","75797517524","SR003","7740","4.00.00","918","ARRI ALEXA 35","LogC4AWG4_mktG3_Rec709.cube","UUR-2ZL-CPF","https://shotid.net/UUR-2ZL-CPF"
"","No Label","","B_0005C003_250521_163955_h1CZ7","B_0005_1CZ7","B_","20250521","SD003","ENT","301","129L","03","81","103_F","103_F","(0.9714 0.9683 0.9714) (-0.0045 0.0023 -0.0045) (1.0190 1.0190 1.0190)","0.95","Charlotte Brandstorm","Alex Disenhof","800","3200 K","0","1941","172.8° @ 24fps","24","COOKE S4 918","40.0 mm","2 8/10","4.31 ft","ARRIRAW (13bit, HDE)","mxf","4608x3164","24","17:41:11.22","17:42:32.19","18814767476","","1941","4.00.00","918","ARRI ALEXA 35","LogC4AWG4_mktG3_Rec709.cube","R9X-7NT-4X5","https://shotid.net/R9X-7NT-4X5"
"","No Label","","D_0006C001_250521_144521_h1EI5","D_0006_1EI5","D_","20250521","SD003","ENT","301","129G","01","105","103_F","103_F","(0.9714 0.9683 0.9714) (-0.0045 0.0023 -0.0045) (1.0190 1.0190 1.0190)","0.95","Charlotte Brandstorm","Alex Disenhof","800","3200 K","0","2512","172.8° @ 24fps","24","COOKE S4 758","25.0 mm","2 7/10","24.1 ft","ARRIRAW (13bit, HDE)","mxf","4608x3164","24","14:45:43.03","14:47:27.19","25333850556","SR003","2512","4.00.00","758","ARRI ALEXA 35","LogC4AWG4_mktG3_Rec709.cube","5VX-6PX-EGC","https://shotid.net/5VX-6PX-EGC"
"","No Label","","D_0006C002_250521_144847_h1EI5","D_0006_1EI5","D_","20250521","SD003","ENT","301","129G","02","89","103_F","103_F","(0.9714 0.9683 0.9714) (-0.0045 0.0023 -0.0045) (1.0190 1.0190 1.0190)","0.95","Charlotte Brandstorm","Alex Disenhof","800","3200 K","0","2124","172.8° @ 24fps","24","COOKE S4 758","25.0 mm","2 8/10","21.6 ft","ARRIRAW (13bit, HDE)","mxf","4608x3164","24","14:49:08.17","14:50:37.05","21406638452","SR003","2124","4.00.00","758","ARRI ALEXA 35","LogC4AWG4_mktG3_Rec709.cube","DG2-FTL-JNV","https://shotid.net/DG2-FTL-JNV"
"","No Label","","D_0006C003_250521_145100_h1EI5","D_0006_1EI5","D_","20250521","SD003","ENT","301","129G","03","84","103_F","103_F","(0.9714 0.9683 0.9714) (-0.0045 0.0023 -0.0045) (1.0190 1.0190 1.0190)","0.95","Charlotte Brandstorm","Alex Disenhof","800","3200 K","0","2015","172.8° @ 24fps","24","COOKE S4 758","25.0 mm","2 8/10","96.9 ft","ARRIRAW (13bit, HDE)","mxf","4608x3164","24","14:51:22.01","14:52:46.00","20303421812","SR003","2015","4.00.00","758","ARRI ALEXA 35","LogC4AWG4_mktG3_Rec709.cube","QL2-2U8-SBR","https://shotid.net/QL2-2U8-SBR"
"","No Label","","D_0006C004_250521_145511_h1EI5","D_0006_1EI5","D_","20250521","SD003","ENT","301","129G","04","83","103_F","103_F","(0.9714 0.9683 0.9714) (-0.0045 0.0023 -0.0045) (1.0190 1.0190 1.0190)","0.95","Charlotte Brandstorm","Alex Disenhof","800","3200 K","0","1993","172.8° @ 24fps","24","COOKE S4 758","25.0 mm","2 7/10","45.0 ft","ARRIRAW (13bit, HDE)","mxf","4608x3164","24","14:55:33.01","14:56:56.02","20086178164","SR003","1993","4.00.00","758","ARRI ALEXA 35","LogC4AWG4_mktG3_Rec709.cube","9NW-HNY-DM5","https://shotid.net/9NW-HNY-DM5"
"","No Label","","D_0006C005_250521_145735_h1EI5","D_0006_1EI5","D_","20250521","SD003","ENT","301","129G","05","80","103_F","103_F","(0.9714 0.9683 0.9714) (-0.0045 0.0023 -0.0045) (1.0190 1.0190 1.0190)","0.95","Charlotte Brandstorm","Alex Disenhof","800","3200 K","0","1922","172.8° @ 24fps","24","COOKE S4 758","25.0 mm","2 7/10","22.2 ft","ARRIRAW (13bit, HDE)","mxf","4608x3164","24","14:57:56.08","14:59:16.10","19357700468","SR003","1922","4.00.00","758","ARRI ALEXA 35","LogC4AWG4_mktG3_Rec709.cube","HY8-8S9-9ZQ","https://shotid.net/HY8-8S9-9ZQ"
"X","No Label","","D_0006C006_250521_145948_h1EI5","D_0006_1EI5","D_","20250521","SD003","ENT","301","129G","06","74","103_F","103_F","(0.9714 0.9683 0.9714) (-0.0045 0.0023 -0.0045) (1.0190 1.0190 1.0190)","0.95","Charlotte Brandstorm","Alex Disenhof","800","3200 K","0","1770","172.8° @ 24fps","24","COOKE S4 758","25.0 mm","2 7/10","39.5 ft","ARRIRAW (13bit, HDE)","mxf","4608x3164","24","15:00:09.18","15:01:23.12","17831608656","SR003","1770","4.00.00","758","ARRI ALEXA 35","LogC4AWG4_mktG3_Rec709.cube","CH8-WLY-LT9","https://shotid.net/CH8-WLY-LT9"
"","No Label","","D_0006C007_250521_150228_h1EI5","D_0006_1EI5","D_","20250521","SD003","ENT","301","129G","07","189","103_F","103_F","(0.9714 0.9683 0.9714) (-0.0045 0.0023 -0.0045) (1.0190 1.0190 1.0190)","0.95","Charlotte Brandstorm","Alex Disenhof","800","3200 K","0","4547","172.8° @ 24fps","24","COOKE S4 758","25.0 mm","2 7/10","110 ft","ARRIRAW (13bit, HDE)","mxf","4608x3164","24","15:02:49.12","15:05:58.23","45157114588","","4547","4.00.00","758","ARRI ALEXA 35","LogC4AWG4_mktG3_Rec709.cube","WMZ-CQ5-6W4","https://shotid.net/WMZ-CQ5-6W4"
"","No Label","","D_0006C008_250521_150618_h1EI5","D_0006_1EI5","D_","20250521","SD003","ENT","301","129G","08","90","103_F","103_F","(0.9714 0.9683 0.9714) (-0.0045 0.0023 -0.0045) (1.0190 1.0190 1.0190)","0.95","Charlotte Brandstorm","Alex Disenhof","800","3200 K","0","2164","172.8° @ 24fps","24","COOKE S4 758","25.0 mm","2 7/10","54.1 ft","ARRIRAW (13bit, HDE)","mxf","4608x3164","24","15:06:40.01","15:08:10.05","21791539608","","2164","4.00.00","758","ARRI ALEXA 35","LogC4AWG4_mktG3_Rec709.cube","B32-Z54-HW9","https://shotid.net/B32-Z54-HW9"
"","No Label","","D_0006C009_250521_150807_h1EI5","D_0006_1EI5","D_","20250521","SD003","ENT","301","129G","09","81","103_F","103_F","(0.9714 0.9683 0.9714) (-0.0045 0.0023 -0.0045) (1.0190 1.0190 1.0190)","0.95","Charlotte Brandstorm","Alex Disenhof","800","3200 K","0","1938","172.8° @ 24fps","24","COOKE S4 758","25.0 mm","2 7/10","27.0 ft","ARRIRAW (13bit, HDE)","mxf","4608x3164","24","15:08:28.10","15:09:49.04","19580580212","","1938","4.00.00","758","ARRI ALEXA 35","LogC4AWG4_mktG3_Rec709.cube","YVH-R36-P22","https://shotid.net/YVH-R36-P22"
"","No Label","","D_0007C001_250521_155837_h1EI5","D_0007_1EI5","D_","20250521","SD003","ENT","301","129H","01","91","103_F","103_F","(0.9714 0.9683 0.9714) (-0.0045 0.0023 -0.0045) (1.0190 1.0190 1.0190)","0.95","Charlotte Brandstorm","Alex Disenhof","800","3200 K","0","2188","172.8° @ 24fps","24","COOKE S4 962","50.0 mm","2 8/10","15.5 ft","ARRIRAW (13bit, HDE)","mxf","4608x3164","24","15:58:58.17","16:00:29.21","21576016280","SR003","2188","4.00.00","962","ARRI ALEXA 35","LogC4AWG4_mktG3_Rec709.cube","ZD5-EA7-4LL","https://shotid.net/ZD5-EA7-4LL"
"","No Label","","D_0007C002_250521_160305_h1EI5","D_0007_1EI5","D_","20250521","SD003","ENT","301","129H","02","82","103_F","103_F","(0.9714 0.9683 0.9714) (-0.0045 0.0023 -0.0045) (1.0190 1.0190 1.0190)","0.95","Charlotte Brandstorm","Alex Disenhof","800","3200 K","0","1979","172.8° @ 24fps","24","COOKE S4 962","50.0 mm","2 7/10","7.51 ft","ARRIRAW (13bit, HDE)","mxf","4608x3164","24","16:03:27.01","16:04:49.12","19151483252","SR003","1979","4.00.00","962","ARRI ALEXA 35","LogC4AWG4_mktG3_Rec709.cube","T87-PLM-ATK","https://shotid.net/T87-PLM-ATK"
"X","No Label","","D_0007C003_250521_160601_h1EI5","D_0007_1EI5","D_","20250521","SD003","ENT","301","129H","03","200","103_F","103_F","(0.9714 0.9683 0.9714) (-0.0045 0.0023 -0.0045) (1.0190 1.0190 1.0190)","0.95","Charlotte Brandstorm","Alex Disenhof","800","3200 K","0","4807","172.8° @ 24fps","24","COOKE S4 962","50.0 mm","2 6/10","7.41 ft","ARRIRAW (13bit, HDE)","mxf","4608x3164","24","16:06:22.17","16:09:43.00","46523294500","SR003","4807","4.00.00","962","ARRI ALEXA 35","LogC4AWG4_mktG3_Rec709.cube","MME-DDU-9GT","https://shotid.net/MME-DDU-9GT"
"","No Label","","D_0007C004_250521_161003_h1EI5","D_0007_1EI5","D_","20250521","SD003","ENT","301","129H","04","56","103_F","103_F","(0.9714 0.9683 0.9714) (-0.0045 0.0023 -0.0045) (1.0190 1.0190 1.0190)","0.95","Charlotte Brandstorm","Alex Disenhof","800","3200 K","0","1355","172.8° @ 24fps","24","COOKE S4 962","50.0 mm","2 6/10","4.04 ft","ARRIRAW (13bit, HDE)","mxf","4608x3164","24","16:10:24.05","16:11:20.16","13566628104","","1355","4.00.00","962","ARRI ALEXA 35","LogC4AWG4_mktG3_Rec709.cube","SBY-URZ-PCD","https://shotid.net/SBY-URZ-PCD"
"X","No Label","","D_0007C005_250521_170505_h1EI5","D_0007_1EI5","D_","20250521","SD003","ENT","301","129J","01","174","103_F","103_F","(0.9714 0.9683 0.9714) (-0.0045 0.0023 -0.0045) (1.0190 1.0190 1.0190)","0.95","Charlotte Brandstorm","Alex Disenhof","800","3200 K","0","4168","172.8° @ 24fps","24","COOKE S4 911","35.0 mm","2 9/10","9.03 ft","ARRIRAW (13bit, HDE)","mxf","4608x3164","24","17:05:28.00","17:08:21.16","40960869048","SR003","4168","4.00.00","911","ARRI ALEXA 35","LogC4AWG4_mktG3_Rec709.cube","UD8-M6S-XJR","https://shotid.net/UD8-M6S-XJR"
"","No Label","","D_0007C006_250521_170914_h1EI5","D_0007_1EI5","D_","20250521","SD003","ENT","301","129J","02","14","103_F","103_F","(0.9714 0.9683 0.9714) (-0.0045 0.0023 -0.0045) (1.0190 1.0190 1.0190)","0.95","Charlotte Brandstorm","Alex Disenhof","800","3200 K","0","330","172.8° @ 24fps","24","COOKE S4 911","35.0 mm","2 9/10","9.19 ft","ARRIRAW (13bit, HDE)","mxf","4608x3164","24","17:09:36.12","17:09:50.06","3344969848","","330","4.00.00","911","ARRI ALEXA 35","LogC4AWG4_mktG3_Rec709.cube","QJD-H66-DDT","https://shotid.net/QJD-H66-DDT"
"","No Label","","D_0007C007_250521_171156_h1EI5","D_0007_1EI5","D_","20250521","SD003","ENT","301","129K","01","74","103_F","103_F","(0.9714 0.9683 0.9714) (-0.0045 0.0023 -0.0045) (1.0190 1.0190 1.0190)","0.95","Charlotte Brandstorm","Alex Disenhof","800","3200 K","0","1772","172.8° @ 24fps","24","COOKE S4 753","40.0 mm","2 7/10","9.18 ft","ARRIRAW (13bit, HDE)","mxf","4608x3164","24","17:12:18.13","17:13:32.09","17622708560","SR003","1772","4.00.00","753","ARRI ALEXA 35","LogC4AWG4_mktG3_Rec709.cube","RXN-XFH-MJG","https://shotid.net/RXN-XFH-MJG"
"X","No Label","","D_0007C008_250521_171518_h1EI5","D_0007_1EI5","D_","20250521","SD003","ENT","301","129K","02","344","103_F","103_F","(0.9714 0.9683 0.9714) (-0.0045 0.0023 -0.0045) (1.0190 1.0190 1.0190)","0.95","Charlotte Brandstorm","Alex Disenhof","800","3200 K","0","8255","172.8° @ 24fps","24","COOKE S4 753","40.0 mm","2 7/10","9.37 ft","ARRIRAW (13bit, HDE)","mxf","4608x3164","24","17:15:41.04","17:21:25.03","80254657820","SR003","8255","4.00.00","753","ARRI ALEXA 35","LogC4AWG4_mktG3_Rec709.cube","DJ3-V3R-B3Q","https://shotid.net/DJ3-V3R-B3Q"
"","No Label","","D_0007C009_250521_172141_h1EI5","D_0007_1EI5","D_","20250521","SD003","ENT","301","129K","03","20","103_F","103_F","(0.9714 0.9683 0.9714) (-0.0045 0.0023 -0.0045) (1.0190 1.0190 1.0190)","0.95","Charlotte Brandstorm","Alex Disenhof","800","3200 K","0","485","172.8° @ 24fps","24","COOKE S4 753","40.0 mm","2 7/10","10.4 ft","ARRIRAW (13bit, HDE)","mxf","4608x3164","24","17:22:03.15","17:22:23.20","4915388572","","485","4.00.00","753","ARRI ALEXA 35","LogC4AWG4_mktG3_Rec709.cube","BUS-AV7-Z3P","https://shotid.net/BUS-AV7-Z3P"
"","No Label","","D_0008C001_250521_173152_h1EI5","D_0008_1EI5","D_","20250521","SD003","ENT","301","129L","01","163","103_F","103_F","(0.9714 0.9683 0.9714) (-0.0045 0.0023 -0.0045) (1.0190 1.0190 1.0190)","0.95","Charlotte Brandstorm","Alex Disenhof","800","3200 K","0","3915","172.8° @ 24fps","24","COOKE S4 753","40.0 mm","2 7/10","5.45 ft","ARRIRAW (13bit, HDE)","mxf","4608x3164","24","17:32:14.22","17:34:58.01","38753481364","SR003","3915","4.00.00","753","ARRI ALEXA 35","LogC4AWG4_mktG3_Rec709.cube","QJ6-FE7-8SL","https://shotid.net/QJ6-FE7-8SL"
"X","No Label","","D_0008C002_250521_173456_h1EI5","D_0008_1EI5","D_","20250521","SD003","ENT","301","129L","02","319","103_F","103_F","(0.9714 0.9683 0.9714) (-0.0045 0.0023 -0.0045) (1.0190 1.0190 1.0190)","0.95","Charlotte Brandstorm","Alex Disenhof","800","3200 K","0","7664","172.8° @ 24fps","24","COOKE S4 753","40.0 mm","2 7/10","5.64 ft","ARRIRAW (13bit, HDE)","mxf","4608x3164","24","17:35:18.23","17:40:38.07","75666121904","SR003","7664","4.00.00","753","ARRI ALEXA 35","LogC4AWG4_mktG3_Rec709.cube","TQZ-H4M-2X9","https://shotid.net/TQZ-H4M-2X9"
"","No Label","","D_0008C003_250521_174057_h1EI5","D_0008_1EI5","D_","20250521","SD003","ENT","301","129L","03","73","103_F","103_F","(0.9714 0.9683 0.9714) (-0.0045 0.0023 -0.0045) (1.0190 1.0190 1.0190)","0.95","Charlotte Brandstorm","Alex Disenhof","800","3200 K","0","1753","172.8° @ 24fps","24","COOKE S4 753","40.0 mm","2 7/10","5.37 ft","ARRIRAW (13bit, HDE)","mxf","4608x3164","24","17:41:20.02","17:42:33.03","17014567248","","1753","4.00.00","753","ARRI ALEXA 35","LogC4AWG4_mktG3_Rec709.cube","TKW-Z7Y-392","https://shotid.net/TKW-Z7Y-392"
