"Timecode","Clip Name","Lens Model","Lens Serial","Focal Length (mm)","Aperture","Focus Distance (ft)","Camera Tilt","Camera Roll","Camera Model"
"12:03:22:17","A_0008C005_250523_110242_h1CBB","COOKE S4 955","955","32","T 2.8 5/10","36.076","3.3","0","ARRI ALEXA 35"
"12:03:22:18","A_0008C005_250523_110242_h1CBB","COOKE S4 955","955","32","T 2.8 5/10","36.076","3","0.2","ARRI ALEXA 35"
"12:03:22:19","A_0008C005_250523_110242_h1CBB","COOKE S4 955","955","32","T 2.8 5/10","36.076","3","0.2","ARRI ALEXA 35"
"12:03:22:20","A_0008C005_250523_110242_h1CBB","COOKE S4 955","955","32","T 2.8 5/10","36.076","3.2","0.2","ARRI ALEXA 35"
"12:03:22:21","A_0008C005_250523_110242_h1CBB","COOKE S4 955","955","32","T 2.8 5/10","36.076","3.2","0","ARRI ALEXA 35"
"12:03:22:22","A_0008C005_250523_110242_h1CBB","COOKE S4 955","955","32","T 2.8 5/10","36.076","3.4","0","ARRI ALEXA 35"
"12:03:22:23","A_0008C005_250523_110242_h1CBB","COOKE S4 955","955","32","T 2.8 5/10","36.076","3.7","0.1","ARRI ALEXA 35"
"12:03:23:00","A_0008C005_250523_110242_h1CBB","COOKE S4 955","955","32","T 2.8 5/10","36.076","3.7","0.1","ARRI ALEXA 35"
"12:03:23:01","A_0008C005_250523_110242_h1CBB","COOKE S4 955","955","32","T 2.8 5/10","36.709","3.7","0.1","ARRI ALEXA 35"
"12:03:23:02","A_0008C005_250523_110242_h1CBB","COOKE S4 955","955","32","T 2.8 5/10","37.536","3.7","0.1","ARRI ALEXA 35"
"12:03:23:03","A_0008C005_250523_110242_h1CBB","COOKE S4 955","955","32","T 2.8 5/10","37.536","3.7","0.1","ARRI ALEXA 35"
"12:03:23:04","A_0008C005_250523_110242_h1CBB","COOKE S4 955","955","32","T 2.8 5/10","37.707","3.8","0.1","ARRI ALEXA 35"
"12:03:23:05","A_0008C005_250523_110242_h1CBB","COOKE S4 955","955","32","T 2.8 5/10","37.707","4","0.1","ARRI ALEXA 35"
"12:03:23:06","A_0008C005_250523_110242_h1CBB","COOKE S4 955","955","32","T 2.8 5/10","37.707","4","0.1","ARRI ALEXA 35"
"12:03:23:07","A_0008C005_250523_110242_h1CBB","COOKE S4 955","955","32","T 2.8 5/10","37.707","4","0.1","ARRI ALEXA 35"
"12:03:23:08","A_0008C005_250523_110242_h1CBB","COOKE S4 955","955","32","T 2.8 5/10","37.707","4.4","0.1","ARRI ALEXA 35"
"12:03:23:09","A_0008C005_250523_110242_h1CBB","COOKE S4 955","955","32","T 2.8 5/10","38.051","4.6","0.1","ARRI ALEXA 35"
"12:03:23:10","A_0008C005_250523_110242_h1CBB","COOKE S4 955","955","32","T 2.8 5/10","38.051","4.8","0.1","ARRI ALEXA 35"
"12:03:23:11","A_0008C005_250523_110242_h1CBB","COOKE S4 955","955","32","T 2.8 5/10","38.051","5","0.1","ARRI ALEXA 35"
"12:03:23:12","A_0008C005_250523_110242_h1CBB","COOKE S4 955","955","32","T 2.8 5/10","38.051","5","0.1","ARRI ALEXA 35"
"12:03:23:13","A_0008C005_250523_110242_h1CBB","COOKE S4 955","955","32","T 2.8 5/10","38.051","5","0.1","ARRI ALEXA 35"
"12:03:23:14","A_0008C005_250523_110242_h1CBB","COOKE S4 955","955","32","T 2.8 5/10","38.051","5","0.1","ARRI ALEXA 35"
"12:03:23:15","A_0008C005_250523_110242_h1CBB","COOKE S4 955","955","32","T 2.8 5/10","38.051","4.8","0.1","ARRI ALEXA 35"
"12:03:23:16","A_0008C005_250523_110242_h1CBB","COOKE S4 955","955","32","T 2.8 5/10","38.051","4.5","0.1","ARRI ALEXA 35"
"12:03:23:17","A_0008C005_250523_110242_h1CBB","COOKE S4 955","955","32","T 2.8 5/10","38.051","4.5","0.1","ARRI ALEXA 35"
"12:03:23:18","A_0008C005_250523_110242_h1CBB","COOKE S4 955","955","32","T 2.8 5/10","38.051","4.6","0.1","ARRI ALEXA 35"
"12:03:23:19","A_0008C005_250523_110242_h1CBB","COOKE S4 955","955","32","T 2.8 5/10","38.051","4.6","0.1","ARRI ALEXA 35"
"12:03:23:20","A_0008C005_250523_110242_h1CBB","COOKE S4 955","955","32","T 2.8 5/10","38.051","4.6","0.1","ARRI ALEXA 35"
"12:03:23:21","A_0008C005_250523_110242_h1CBB","COOKE S4 955","955","32","T 2.8 5/10","38.051","4.8","0.1","ARRI ALEXA 35"
"12:03:23:22","A_0008C005_250523_110242_h1CBB","COOKE S4 955","955","32","T 2.8 5/10","38.051","5","0.1","ARRI ALEXA 35"
"12:03:23:23","A_0008C005_250523_110242_h1CBB","COOKE S4 955","955","32","T 2.8 5/10","38.051","5","0.1","ARRI ALEXA 35"
"12:03:24:00","A_0008C005_250523_110242_h1CBB","COOKE S4 955","955","32","T 2.8 5/10","38.051","5","0.1","ARRI ALEXA 35"
"12:03:24:01","A_0008C005_250523_110242_h1CBB","COOKE S4 955","955","32","T 2.8 5/10","38.051","5.2","0.1","ARRI ALEXA 35"
"12:03:24:02","A_0008C005_250523_110242_h1CBB","COOKE S4 955","955","32","T 2.8 5/10","38.051","5.2","0.1","ARRI ALEXA 35"
"12:03:24:03","A_0008C005_250523_110242_h1CBB","COOKE S4 955","955","32","T 2.8 5/10","38.051","5.3","0.1","ARRI ALEXA 35"
"12:03:24:04","A_0008C005_250523_110242_h1CBB","COOKE S4 955","955","32","T 2.8 5/10","38.051","5.3","0.1","ARRI ALEXA 35"
"12:03:24:05","A_0008C005_250523_110242_h1CBB","COOKE S4 955","955","32","T 2.8 5/10","38.051","5.4","0.1","ARRI ALEXA 35"
"12:03:24:06","A_0008C005_250523_110242_h1CBB","COOKE S4 955","955","32","T 2.8 5/10","38.051","5.6","0.1","ARRI ALEXA 35"
"12:03:24:07","A_0008C005_250523_110242_h1CBB","COOKE S4 955","955","32","T 2.8 5/10","38.051","5.6","0.1","ARRI ALEXA 35"
"12:03:24:08","A_0008C005_250523_110242_h1CBB","COOKE S4 955","955","32","T 2.8 5/10","38.402","5.6","0.1","ARRI ALEXA 35"
"12:03:24:09","A_0008C005_250523_110242_h1CBB","COOKE S4 955","955","32","T 2.8 5/10","38.579","5.6","0.1","ARRI ALEXA 35"
"12:03:24:10","A_0008C005_250523_110242_h1CBB","COOKE S4 955","955","32","T 2.8 5/10","38.94","5.6","0.1","ARRI ALEXA 35"
"12:03:24:11","A_0008C005_250523_110242_h1CBB","COOKE S4 955","955","32","T 2.8 5/10","39.308","5.6","0.1","ARRI ALEXA 35"
"12:03:24:12","A_0008C005_250523_110242_h1CBB","COOKE S4 955","955","32","T 2.8 5/10","39.308","5.6","0.1","ARRI ALEXA 35"
"12:03:24:13","A_0008C005_250523_110242_h1CBB","COOKE S4 955","955","32","T 2.8 5/10","39.872","5.6","0.1","ARRI ALEXA 35"
"12:03:24:14","A_0008C005_250523_110242_h1CBB","COOKE S4 955","955","32","T 2.8 5/10","40.259","5.6","0.1","ARRI ALEXA 35"
"12:03:24:15","A_0008C005_250523_110242_h1CBB","COOKE S4 955","955","32","T 2.8 5/10","40.259","5.6","0.1","ARRI ALEXA 35"
"12:03:24:16","A_0008C005_250523_110242_h1CBB","COOKE S4 955","955","32","T 2.8 5/10","40.85","5.6","0.1","ARRI ALEXA 35"
"12:03:24:17","A_0008C005_250523_110242_h1CBB","COOKE S4 955","955","32","T 2.8 5/10","41.667","5.6","0.1","ARRI ALEXA 35"
"12:03:24:18","A_0008C005_250523_110242_h1CBB","COOKE S4 955","955","32","T 2.8 5/10","41.877","5.6","0.1","ARRI ALEXA 35"
"12:03:24:19","A_0008C005_250523_110242_h1CBB","COOKE S4 955","955","32","T 2.8 5/10","42.3","5.6","0.1","ARRI ALEXA 35"
"12:03:24:20","A_0008C005_250523_110242_h1CBB","COOKE S4 955","955","32","T 2.8 5/10","43.402","5.6","0.1","ARRI ALEXA 35"
"12:03:24:21","A_0008C005_250523_110242_h1CBB","COOKE S4 955","955","32","T 2.8 5/10","45.787","5.4","0.1","ARRI ALEXA 35"
"12:03:24:22","A_0008C005_250523_110242_h1CBB","COOKE S4 955","955","32","T 2.8 5/10","46.296","5.4","0.1","ARRI ALEXA 35"
"12:03:24:23","A_0008C005_250523_110242_h1CBB","COOKE S4 955","955","32","T 2.8 5/10","46.296","5.4","0.1","ARRI ALEXA 35"
"12:03:25:00","A_0008C005_250523_110242_h1CBB","COOKE S4 955","955","32","T 2.8 5/10","46.555","5.2","0.1","ARRI ALEXA 35"
"12:03:25:01","A_0008C005_250523_110242_h1CBB","COOKE S4 955","955","32","T 2.8 5/10","46.555","5.2","0.1","ARRI ALEXA 35"
"12:03:25:02","A_0008C005_250523_110242_h1CBB","COOKE S4 955","955","32","T 2.8 5/10","46.555","5.2","0.1","ARRI ALEXA 35"
"12:03:25:03","A_0008C005_250523_110242_h1CBB","COOKE S4 955","955","32","T 2.8 5/10","47.08","5.2","0.1","ARRI ALEXA 35"
"12:03:25:04","A_0008C005_250523_110242_h1CBB","COOKE S4 955","955","32","T 2.8 5/10","47.08","5.2","0.1","ARRI ALEXA 35"
"12:03:25:05","A_0008C005_250523_110242_h1CBB","COOKE S4 955","955","32","T 2.8 5/10","47.08","5.2","0.1","ARRI ALEXA 35"
"12:03:25:06","A_0008C005_250523_110242_h1CBB","COOKE S4 955","955","32","T 2.8 5/10","47.08","5.2","0.1","ARRI ALEXA 35"
"12:03:25:07","A_0008C005_250523_110242_h1CBB","COOKE S4 955","955","32","T 2.8 5/10","47.08","5.2","0.1","ARRI ALEXA 35"
"12:03:25:08","A_0008C005_250523_110242_h1CBB","COOKE S4 955","955","32","T 2.8 5/10","47.618","5","0.1","ARRI ALEXA 35"
"12:03:25:09","A_0008C005_250523_110242_h1CBB","COOKE S4 955","955","32","T 2.8 5/10","48.448","5","0.1","ARRI ALEXA 35"
"12:03:25:10","A_0008C005_250523_110242_h1CBB","COOKE S4 955","955","32","T 2.8 5/10","48.448","5","0.1","ARRI ALEXA 35"
"12:03:25:11","A_0008C005_250523_110242_h1CBB","COOKE S4 955","955","32","T 2.8 5/10","48.448","5","0.1","ARRI ALEXA 35"
"12:03:25:12","A_0008C005_250523_110242_h1CBB","COOKE S4 955","955","32","T 2.8 5/10","46.555","5","0.1","ARRI ALEXA 35"
"12:03:25:13","A_0008C005_250523_110242_h1CBB","COOKE S4 955","955","32","T 2.8 5/10","45.046","5","0.1","ARRI ALEXA 35"
"12:03:25:14","A_0008C005_250523_110242_h1CBB","COOKE S4 955","955","32","T 2.8 5/10","39.495","5","0.1","ARRI ALEXA 35"
"12:03:25:15","A_0008C005_250523_110242_h1CBB","COOKE S4 955","955","32","T 2.8 5/10","33.202","5","0.1","ARRI ALEXA 35"
"12:03:25:16","A_0008C005_250523_110242_h1CBB","COOKE S4 955","955","32","T 2.8 5/10","31.211","5","0.1","ARRI ALEXA 35"
"12:03:25:17","A_0008C005_250523_110242_h1CBB","COOKE S4 955","955","32","T 2.8 5/10","26.883","5","0.1","ARRI ALEXA 35"
"12:03:25:18","A_0008C005_250523_110242_h1CBB","COOKE S4 955","955","32","T 2.8 5/10","23.278","5","0.1","ARRI ALEXA 35"
"12:03:25:19","A_0008C005_250523_110242_h1CBB","COOKE S4 955","955","32","T 2.8 5/10","21.312","5","0.1","ARRI ALEXA 35"
"12:03:25:20","A_0008C005_250523_110242_h1CBB","COOKE S4 955","955","32","T 2.8 5/10","16.371","5","0.1","ARRI ALEXA 35"
"12:03:25:21","A_0008C005_250523_110242_h1CBB","COOKE S4 955","955","32","T 2.8 5/10","14.829","5","0.1","ARRI ALEXA 35"
"12:03:25:22","A_0008C005_250523_110242_h1CBB","COOKE S4 955","955","32","T 2.8 5/10","11.854","5","0.1","ARRI ALEXA 35"
"12:03:25:23","A_0008C005_250523_110242_h1CBB","COOKE S4 955","955","32","T 2.8 5/10","11.142","5","0.1","ARRI ALEXA 35"
"12:03:26:00","A_0008C005_250523_110242_h1CBB","COOKE S4 955","955","32","T 2.8 5/10","10.052","5","0.1","ARRI ALEXA 35"
"12:03:26:01","A_0008C005_250523_110242_h1CBB","COOKE S4 955","955","32","T 2.8 5/10","8.51","5","0.1","ARRI ALEXA 35"
"12:03:26:02","A_0008C005_250523_110242_h1CBB","COOKE S4 955","955","32","T 2.8 5/10","8.084","5","0.1","ARRI ALEXA 35"
"12:03:26:03","A_0008C005_250523_110242_h1CBB","COOKE S4 955","955","32","T 2.8 5/10","7.454","5","0.1","ARRI ALEXA 35"
"12:03:26:04","A_0008C005_250523_110242_h1CBB","COOKE S4 955","955","32","T 2.8 5/10","7.159","5","0.1","ARRI ALEXA 35"
"12:03:26:05","A_0008C005_250523_110242_h1CBB","COOKE S4 955","955","32","T 2.8 5/10","6.588","5","0.1","ARRI ALEXA 35"
"12:03:26:06","A_0008C005_250523_110242_h1CBB","COOKE S4 955","955","32","T 2.8 5/10","6.444","5","0.1","ARRI ALEXA 35"
"12:03:26:07","A_0008C005_250523_110242_h1CBB","COOKE S4 955","955","32","T 2.8 5/10","6.243","5","0.1","ARRI ALEXA 35"
"12:03:26:08","A_0008C005_250523_110242_h1CBB","COOKE S4 955","955","32","T 2.8 5/10","6.007","5","0.1","ARRI ALEXA 35"
"12:03:26:09","A_0008C005_250523_110242_h1CBB","COOKE S4 955","955","32","T 2.8 5/10","6.007","5","0.1","ARRI ALEXA 35"
"12:03:26:10","A_0008C005_250523_110242_h1CBB","COOKE S4 955","955","32","T 2.8 5/10","5.751","5","0.1","ARRI ALEXA 35"
"12:03:26:11","A_0008C005_250523_110242_h1CBB","COOKE S4 955","955","32","T 2.8 5/10","5.623","5","0.1","ARRI ALEXA 35"
"12:03:26:12","A_0008C005_250523_110242_h1CBB","COOKE S4 955","955","32","T 2.8 5/10","5.502","5","0.1","ARRI ALEXA 35"
"12:03:26:13","A_0008C005_250523_110242_h1CBB","COOKE S4 955","955","32","T 2.8 5/10","5.456","5","0.1","ARRI ALEXA 35"
"12:03:26:14","A_0008C005_250523_110242_h1CBB","COOKE S4 955","955","32","T 2.8 5/10","5.351","5","0.1","ARRI ALEXA 35"
"12:03:26:15","A_0008C005_250523_110242_h1CBB","COOKE S4 955","955","32","T 2.8 5/10","5.217","5","0.1","ARRI ALEXA 35"
"12:03:26:16","A_0008C005_250523_110242_h1CBB","COOKE S4 955","955","32","T 2.8 5/10","5.171","5","0.1","ARRI ALEXA 35"
"12:03:26:17","A_0008C005_250523_110242_h1CBB","COOKE S4 955","955","32","T 2.8 5/10","5.082","5.1","0.1","ARRI ALEXA 35"
"12:03:26:18","A_0008C005_250523_110242_h1CBB","COOKE S4 955","955","32","T 2.8 5/10","4.977","5.1","0.1","ARRI ALEXA 35"
"12:03:26:19","A_0008C005_250523_110242_h1CBB","COOKE S4 955","955","32","T 2.8 5/10","4.872","5.1","0.1","ARRI ALEXA 35"
"12:03:26:20","A_0008C005_250523_110242_h1CBB","COOKE S4 955","955","32","T 2.8 5/10","4.81","5.1","0.1","ARRI ALEXA 35"
"12:03:26:21","A_0008C005_250523_110242_h1CBB","COOKE S4 955","955","32","T 2.8 5/10","4.636","5.1","0.1","ARRI ALEXA 35"
"12:03:26:22","A_0008C005_250523_110242_h1CBB","COOKE S4 955","955","32","T 2.8 5/10","4.528","5.1","0.1","ARRI ALEXA 35"
"12:03:26:23","A_0008C005_250523_110242_h1CBB","COOKE S4 955","955","32","T 2.8 5/10","4.478","5.1","0.1","ARRI ALEXA 35"
"12:03:27:00","A_0008C005_250523_110242_h1CBB","COOKE S4 955","955","32","T 2.8 5/10","4.4","5.1","0.1","ARRI ALEXA 35"
"12:03:27:01","A_0008C005_250523_110242_h1CBB","COOKE S4 955","955","32","T 2.8 5/10","4.314","5.1","0.1","ARRI ALEXA 35"
"12:03:27:02","A_0008C005_250523_110242_h1CBB","COOKE S4 955","955","32","T 2.8 5/10","4.242","5.1","0.1","ARRI ALEXA 35"
"12:03:27:03","A_0008C005_250523_110242_h1CBB","COOKE S4 955","955","32","T 2.8 5/10","4.206","5.1","0.1","ARRI ALEXA 35"
"12:03:27:04","A_0008C005_250523_110242_h1CBB","COOKE S4 955","955","32","T 2.8 5/10","4.098","5.1","0.1","ARRI ALEXA 35"
"12:03:27:05","A_0008C005_250523_110242_h1CBB","COOKE S4 955","955","32","T 2.8 5/10","4.039","5.1","0.1","ARRI ALEXA 35"
"12:03:27:06","A_0008C005_250523_110242_h1CBB","COOKE S4 955","955","32","T 2.8 5/10","4.009","5.1","0.1","ARRI ALEXA 35"
"12:03:27:07","A_0008C005_250523_110242_h1CBB","COOKE S4 955","955","32","T 2.8 5/10","3.921","5.1","0.1","ARRI ALEXA 35"
"12:03:27:08","A_0008C005_250523_110242_h1CBB","COOKE S4 955","955","32","T 2.8 5/10","3.888","5.1","0.1","ARRI ALEXA 35"
"12:03:27:09","A_0008C005_250523_110242_h1CBB","COOKE S4 955","955","32","T 2.8 5/10","3.842","5.1","0.1","ARRI ALEXA 35"
"12:03:27:10","A_0008C005_250523_110242_h1CBB","COOKE S4 955","955","32","T 2.8 5/10","3.799","5.1","0.1","ARRI ALEXA 35"
"12:03:27:11","A_0008C005_250523_110242_h1CBB","COOKE S4 955","955","32","T 2.8 5/10","3.757","5.1","0.1","ARRI ALEXA 35"
"12:03:27:12","A_0008C005_250523_110242_h1CBB","COOKE S4 955","955","32","T 2.8 5/10","3.724","5.1","0.1","ARRI ALEXA 35"
"12:03:27:13","A_0008C005_250523_110242_h1CBB","COOKE S4 955","955","32","T 2.8 5/10","3.707","5.1","0.1","ARRI ALEXA 35"
"12:03:27:14","A_0008C005_250523_110242_h1CBB","COOKE S4 955","955","32","T 2.8 5/10","3.661","5.1","0.1","ARRI ALEXA 35"
"12:03:27:15","A_0008C005_250523_110242_h1CBB","COOKE S4 955","955","32","T 2.8 5/10","3.642","5.1","0.1","ARRI ALEXA 35"
"12:03:27:16","A_0008C005_250523_110242_h1CBB","COOKE S4 955","955","32","T 2.8 5/10","3.615","5.1","0.1","ARRI ALEXA 35"
"12:03:27:17","A_0008C005_250523_110242_h1CBB","COOKE S4 955","955","32","T 2.8 5/10","3.612","5.1","0.1","ARRI ALEXA 35"
"12:03:27:18","A_0008C005_250523_110242_h1CBB","COOKE S4 955","955","32","T 2.8 5/10","3.602","5.1","0.1","ARRI ALEXA 35"
"12:03:27:19","A_0008C005_250523_110242_h1CBB","COOKE S4 955","955","32","T 2.8 5/10","3.599","5.1","0.1","ARRI ALEXA 35"
"12:03:27:20","A_0008C005_250523_110242_h1CBB","COOKE S4 955","955","32","T 2.8 5/10","3.599","5.1","0.1","ARRI ALEXA 35"
"12:03:27:21","A_0008C005_250523_110242_h1CBB","COOKE S4 955","955","32","T 2.8 5/10","3.612","5.1","0.1","ARRI ALEXA 35"
"12:03:27:22","A_0008C005_250523_110242_h1CBB","COOKE S4 955","955","32","T 2.8 5/10","3.619","5.1","0.1","ARRI ALEXA 35"
"12:03:27:23","A_0008C005_250523_110242_h1CBB","COOKE S4 955","955","32","T 2.8 5/10","3.632","5.1","0.1","ARRI ALEXA 35"
"12:03:28:00","A_0008C005_250523_110242_h1CBB","COOKE S4 955","955","32","T 2.8 5/10","3.655","5.1","0.1","ARRI ALEXA 35"
"12:03:28:01","A_0008C005_250523_110242_h1CBB","COOKE S4 955","955","32","T 2.8 5/10","3.671","5.1","0.1","ARRI ALEXA 35"
"12:03:28:02","A_0008C005_250523_110242_h1CBB","COOKE S4 955","955","32","T 2.8 5/10","3.671","5.1","0.1","ARRI ALEXA 35"
"12:03:28:03","A_0008C005_250523_110242_h1CBB","COOKE S4 955","955","32","T 2.8 5/10","3.675","5.1","0.1","ARRI ALEXA 35"
"12:03:28:04","A_0008C005_250523_110242_h1CBB","COOKE S4 955","955","32","T 2.8 5/10","3.675","5.1","0.1","ARRI ALEXA 35"
"12:03:28:05","A_0008C005_250523_110242_h1CBB","COOKE S4 955","955","32","T 2.8 5/10","3.675","5.1","0.1","ARRI ALEXA 35"
"12:03:28:06","A_0008C005_250523_110242_h1CBB","COOKE S4 955","955","32","T 2.8 5/10","3.675","5.1","0.1","ARRI ALEXA 35"
"12:03:28:07","A_0008C005_250523_110242_h1CBB","COOKE S4 955","955","32","T 2.8 5/10","3.675","5.1","0.1","ARRI ALEXA 35"
"12:03:28:08","A_0008C005_250523_110242_h1CBB","COOKE S4 955","955","32","T 2.8 5/10","3.675","5.1","0.1","ARRI ALEXA 35"
"12:03:28:09","A_0008C005_250523_110242_h1CBB","COOKE S4 955","955","32","T 2.8 5/10","3.675","5.1","0.1","ARRI ALEXA 35"
"12:03:28:10","A_0008C005_250523_110242_h1CBB","COOKE S4 955","955","32","T 2.8 5/10","3.675","5.1","0.1","ARRI ALEXA 35"
"12:03:28:11","A_0008C005_250523_110242_h1CBB","COOKE S4 955","955","32","T 2.8 5/10","3.681","5.1","0.1","ARRI ALEXA 35"
"12:03:28:12","A_0008C005_250523_110242_h1CBB","COOKE S4 955","955","32","T 2.8 5/10","3.707","5.1","0.1","ARRI ALEXA 35"
"12:03:28:13","A_0008C005_250523_110242_h1CBB","COOKE S4 955","955","32","T 2.8 5/10","3.76","5.1","0.1","ARRI ALEXA 35"
"12:03:28:14","A_0008C005_250523_110242_h1CBB","COOKE S4 955","955","32","T 2.8 5/10","3.793","5.1","0.1","ARRI ALEXA 35"
"12:03:28:15","A_0008C005_250523_110242_h1CBB","COOKE S4 955","955","32","T 2.8 5/10","3.999","5.1","0.1","ARRI ALEXA 35"
"12:03:28:16","A_0008C005_250523_110242_h1CBB","COOKE S4 955","955","32","T 2.8 5/10","4.058","5.1","0.1","ARRI ALEXA 35"
"12:03:28:17","A_0008C005_250523_110242_h1CBB","COOKE S4 955","955","32","T 2.8 5/10","4.249","5.1","0.1","ARRI ALEXA 35"
"12:03:28:18","A_0008C005_250523_110242_h1CBB","COOKE S4 955","955","32","T 2.8 5/10","4.452","5.1","0.1","ARRI ALEXA 35"
"12:03:28:19","A_0008C005_250523_110242_h1CBB","COOKE S4 955","955","32","T 2.8 5/10","4.731","5.1","0.1","ARRI ALEXA 35"
"12:03:28:20","A_0008C005_250523_110242_h1CBB","COOKE S4 955","955","32","T 2.8 5/10","5.082","5.1","0.1","ARRI ALEXA 35"
"12:03:28:21","A_0008C005_250523_110242_h1CBB","COOKE S4 955","955","32","T 2.8 5/10","5.394","5.1","0.1","ARRI ALEXA 35"
"12:03:28:22","A_0008C005_250523_110242_h1CBB","COOKE S4 955","955","32","T 2.8 5/10","5.801","5.1","0.1","ARRI ALEXA 35"
"12:03:28:23","A_0008C005_250523_110242_h1CBB","COOKE S4 955","955","32","T 2.8 5/10","6.142","5.1","0.1","ARRI ALEXA 35"
"12:03:29:00","A_0008C005_250523_110242_h1CBB","COOKE S4 955","955","32","T 2.8 5/10","6.339","5.1","0.1","ARRI ALEXA 35"
"12:03:29:01","A_0008C005_250523_110242_h1CBB","COOKE S4 955","955","32","T 2.8 5/10","6.719","5.1","0.1","ARRI ALEXA 35"
"12:03:29:02","A_0008C005_250523_110242_h1CBB","COOKE S4 955","955","32","T 2.8 5/10","7.461","5.1","0.1","ARRI ALEXA 35"
"12:03:29:03","A_0008C005_250523_110242_h1CBB","COOKE S4 955","955","32","T 2.8 5/10","7.759","5.1","0.1","ARRI ALEXA 35"
"12:03:29:04","A_0008C005_250523_110242_h1CBB","COOKE S4 955","955","32","T 2.8 5/10","8.343","5.1","0.1","ARRI ALEXA 35"
"12:03:29:05","A_0008C005_250523_110242_h1CBB","COOKE S4 955","955","32","T 2.8 5/10","8.99","5.1","0.1","ARRI ALEXA 35"
"12:03:29:06","A_0008C005_250523_110242_h1CBB","COOKE S4 955","955","32","T 2.8 5/10","9.623","5.1","0.1","ARRI ALEXA 35"
"12:03:29:07","A_0008C005_250523_110242_h1CBB","COOKE S4 955","955","32","T 2.8 5/10","10.404","5.1","0.1","ARRI ALEXA 35"
"12:03:29:08","A_0008C005_250523_110242_h1CBB","COOKE S4 955","955","32","T 2.8 5/10","10.922","5.1","0.1","ARRI ALEXA 35"
"12:03:29:09","A_0008C005_250523_110242_h1CBB","COOKE S4 955","955","32","T 2.8 5/10","12.493","5.1","0.1","ARRI ALEXA 35"
"12:03:29:10","A_0008C005_250523_110242_h1CBB","COOKE S4 955","955","32","T 2.8 5/10","13.186","5.1","0.1","ARRI ALEXA 35"
"12:03:29:11","A_0008C005_250523_110242_h1CBB","COOKE S4 955","955","32","T 2.8 5/10","14.777","5.1","0.1","ARRI ALEXA 35"
"12:03:29:12","A_0008C005_250523_110242_h1CBB","COOKE S4 955","955","32","T 2.8 5/10","17.29","5.1","0.1","ARRI ALEXA 35"
"12:03:29:13","A_0008C005_250523_110242_h1CBB","COOKE S4 955","955","32","T 2.8 5/10","18.396","5.1","0.1","ARRI ALEXA 35"
"12:03:29:14","A_0008C005_250523_110242_h1CBB","COOKE S4 955","955","32","T 2.8 5/10","22.894","5.1","0.1","ARRI ALEXA 35"
"12:03:29:15","A_0008C005_250523_110242_h1CBB","COOKE S4 955","955","32","T 2.8 5/10","25.328","5.1","0.1","ARRI ALEXA 35"
"12:03:29:16","A_0008C005_250523_110242_h1CBB","COOKE S4 955","955","32","T 2.8 5/10","27.595","5.1","0.1","ARRI ALEXA 35"
"12:03:29:17","A_0008C005_250523_110242_h1CBB","COOKE S4 955","955","32","T 2.8 5/10","29.239","5.1","0.1","ARRI ALEXA 35"
"12:03:29:18","A_0008C005_250523_110242_h1CBB","COOKE S4 955","955","32","T 2.8 5/10","31.929","5.1","0.1","ARRI ALEXA 35"
"12:03:29:19","A_0008C005_250523_110242_h1CBB","COOKE S4 955","955","32","T 2.8 5/10","32.552","5.1","0.1","ARRI ALEXA 35"
"12:03:29:20","A_0008C005_250523_110242_h1CBB","COOKE S4 955","955","32","T 2.8 5/10","32.552","5.1","0.1","ARRI ALEXA 35"
"12:03:29:21","A_0008C005_250523_110242_h1CBB","COOKE S4 955","955","32","T 2.8 5/10","32.552","5.1","0.1","ARRI ALEXA 35"
"12:03:29:22","A_0008C005_250523_110242_h1CBB","COOKE S4 955","955","32","T 2.8 5/10","32.552","5.1","0.1","ARRI ALEXA 35"
"12:03:29:23","A_0008C005_250523_110242_h1CBB","COOKE S4 955","955","32","T 2.8 5/10","32.552","5.1","0.1","ARRI ALEXA 35"
"12:03:30:00","A_0008C005_250523_110242_h1CBB","COOKE S4 955","955","32","T 2.8 5/10","32.552","5.1","0.1","ARRI ALEXA 35"
"12:03:30:01","A_0008C005_250523_110242_h1CBB","COOKE S4 955","955","32","T 2.8 5/10","32.552","5.1","0.1","ARRI ALEXA 35"
"12:03:30:02","A_0008C005_250523_110242_h1CBB","COOKE S4 955","955","32","T 2.8 5/10","32.552","5.1","0.1","ARRI ALEXA 35"
"12:03:30:03","A_0008C005_250523_110242_h1CBB","COOKE S4 955","955","32","T 2.8 5/10","32.552","5.1","0.1","ARRI ALEXA 35"
"12:03:30:04","A_0008C005_250523_110242_h1CBB","COOKE S4 955","955","32","T 2.8 5/10","32.552","5.1","0.1","ARRI ALEXA 35"
"12:03:30:05","A_0008C005_250523_110242_h1CBB","COOKE S4 955","955","32","T 2.8 5/10","32.552","5.1","0.1","ARRI ALEXA 35"
"12:03:30:06","A_0008C005_250523_110242_h1CBB","COOKE S4 955","955","32","T 2.8 5/10","33.068","5.1","0.1","ARRI ALEXA 35"
"12:03:30:07","A_0008C005_250523_110242_h1CBB","COOKE S4 955","955","32","T 2.8 5/10","33.068","5.1","0.1","ARRI ALEXA 35"
"12:03:30:08","A_0008C005_250523_110242_h1CBB","COOKE S4 955","955","32","T 2.8 5/10","33.202","5.1","0.1","ARRI ALEXA 35"
"12:03:30:09","A_0008C005_250523_110242_h1CBB","COOKE S4 955","955","32","T 2.8 5/10","33.202","5.1","0.1","ARRI ALEXA 35"
"12:03:30:10","A_0008C005_250523_110242_h1CBB","COOKE S4 955","955","32","T 2.8 5/10","33.202","5.1","0.1","ARRI ALEXA 35"
"12:03:30:11","A_0008C005_250523_110242_h1CBB","COOKE S4 955","955","32","T 2.8 5/10","33.202","5.1","0.1","ARRI ALEXA 35"
"12:03:30:12","A_0008C005_250523_110242_h1CBB","COOKE S4 955","955","32","T 2.8 5/10","33.202","5.1","0.1","ARRI ALEXA 35"
"12:03:30:13","A_0008C005_250523_110242_h1CBB","COOKE S4 955","955","32","T 2.8 5/10","33.202","5.1","0.1","ARRI ALEXA 35"
"12:03:30:14","A_0008C005_250523_110242_h1CBB","COOKE S4 955","955","32","T 2.8 5/10","33.202","5.1","0.1","ARRI ALEXA 35"
"12:03:30:15","A_0008C005_250523_110242_h1CBB","COOKE S4 955","955","32","T 2.8 5/10","33.202","5.1","0.1","ARRI ALEXA 35"
"12:03:30:16","A_0008C005_250523_110242_h1CBB","COOKE S4 955","955","32","T 2.8 5/10","33.202","5.1","0.1","ARRI ALEXA 35"
"12:03:30:17","A_0008C005_250523_110242_h1CBB","COOKE S4 955","955","32","T 2.8 5/10","33.202","5.1","0.1","ARRI ALEXA 35"
"12:03:30:18","A_0008C005_250523_110242_h1CBB","COOKE S4 955","955","32","T 2.8 5/10","33.202","5.1","0.1","ARRI ALEXA 35"
"12:03:30:19","A_0008C005_250523_110242_h1CBB","COOKE S4 955","955","32","T 2.8 5/10","33.202","5.1","0.1","ARRI ALEXA 35"
"12:03:30:20","A_0008C005_250523_110242_h1CBB","COOKE S4 955","955","32","T 2.8 5/10","33.202","5.1","0.1","ARRI ALEXA 35"
"12:03:30:21","A_0008C005_250523_110242_h1CBB","COOKE S4 955","955","32","T 2.8 5/10","33.202","5.1","0.1","ARRI ALEXA 35"
"12:03:30:22","A_0008C005_250523_110242_h1CBB","COOKE S4 955","955","32","T 2.8 5/10","33.737","5.1","0.1","ARRI ALEXA 35"
"12:03:30:23","A_0008C005_250523_110242_h1CBB","COOKE S4 955","955","32","T 2.8 5/10","33.875","5.1","0.1","ARRI ALEXA 35"
"12:03:31:00","A_0008C005_250523_110242_h1CBB","COOKE S4 955","955","32","T 2.8 5/10","33.875","5.1","0.1","ARRI ALEXA 35"
"12:03:31:01","A_0008C005_250523_110242_h1CBB","COOKE S4 955","955","32","T 2.8 5/10","33.875","5.1","0.1","ARRI ALEXA 35"
"12:03:31:02","A_0008C005_250523_110242_h1CBB","COOKE S4 955","955","32","T 2.8 5/10","33.875","5.1","0.1","ARRI ALEXA 35"
"12:03:31:03","A_0008C005_250523_110242_h1CBB","COOKE S4 955","955","32","T 2.8 5/10","33.875","5.1","0.1","ARRI ALEXA 35"
"12:03:31:04","A_0008C005_250523_110242_h1CBB","COOKE S4 955","955","32","T 2.8 5/10","33.875","5.1","0.1","ARRI ALEXA 35"
"12:03:31:05","A_0008C005_250523_110242_h1CBB","COOKE S4 955","955","32","T 2.8 5/10","33.875","5.1","0.1","ARRI ALEXA 35"
"12:03:31:06","A_0008C005_250523_110242_h1CBB","COOKE S4 955","955","32","T 2.8 5/10","33.875","5.1","0.1","ARRI ALEXA 35"
"12:03:31:07","A_0008C005_250523_110242_h1CBB","COOKE S4 955","955","32","T 2.8 5/10","33.875","5.1","0.1","ARRI ALEXA 35"
"12:03:31:08","A_0008C005_250523_110242_h1CBB","COOKE S4 955","955","32","T 2.8 5/10","33.875","5.1","0.1","ARRI ALEXA 35"
"12:03:31:09","A_0008C005_250523_110242_h1CBB","COOKE S4 955","955","32","T 2.8 5/10","33.875","5.1","0.1","ARRI ALEXA 35"
"12:03:31:10","A_0008C005_250523_110242_h1CBB","COOKE S4 955","955","32","T 2.8 5/10","33.875","5.1","0.1","ARRI ALEXA 35"
"12:03:31:11","A_0008C005_250523_110242_h1CBB","COOKE S4 955","955","32","T 2.8 5/10","33.875","5.1","0.1","ARRI ALEXA 35"
"12:03:31:12","A_0008C005_250523_110242_h1CBB","COOKE S4 955","955","32","T 2.8 5/10","33.875","5.1","0.1","ARRI ALEXA 35"
"12:03:31:13","A_0008C005_250523_110242_h1CBB","COOKE S4 955","955","32","T 2.8 5/10","33.737","5.1","0.1","ARRI ALEXA 35"
"12:03:31:14","A_0008C005_250523_110242_h1CBB","COOKE S4 955","955","32","T 2.8 5/10","33.202","5.1","0.1","ARRI ALEXA 35"
"12:03:31:15","A_0008C005_250523_110242_h1CBB","COOKE S4 955","955","32","T 2.8 5/10","33.202","5.1","0.1","ARRI ALEXA 35"
"12:03:31:16","A_0008C005_250523_110242_h1CBB","COOKE S4 955","955","32","T 2.8 5/10","33.202","5.1","0.1","ARRI ALEXA 35"
"12:03:31:17","A_0008C005_250523_110242_h1CBB","COOKE S4 955","955","32","T 2.8 6/10","33.068","5.1","0.1","ARRI ALEXA 35"
"12:03:31:18","A_0008C005_250523_110242_h1CBB","COOKE S4 955","955","32","T 2.8 6/10","33.068","5.1","0.1","ARRI ALEXA 35"
"12:03:31:19","A_0008C005_250523_110242_h1CBB","COOKE S4 955","955","32","T 2.8 6/10","33.068","5.1","0.1","ARRI ALEXA 35"
"12:03:31:20","A_0008C005_250523_110242_h1CBB","COOKE S4 955","955","32","T 2.8 7/10","33.068","5.1","0.1","ARRI ALEXA 35"
"12:03:31:21","A_0008C005_250523_110242_h1CBB","COOKE S4 955","955","32","T 2.8 7/10","33.202","5.1","0.1","ARRI ALEXA 35"
"12:03:31:22","A_0008C005_250523_110242_h1CBB","COOKE S4 955","955","32","T 2.8 7/10","33.468","5.1","0.1","ARRI ALEXA 35"
"12:03:31:23","A_0008C005_250523_110242_h1CBB","COOKE S4 955","955","32","T 2.8 7/10","33.737","5.1","0.1","ARRI ALEXA 35"
"12:03:32:00","A_0008C005_250523_110242_h1CBB","COOKE S4 955","955","32","T 2.8 7/10","33.737","5.1","0.1","ARRI ALEXA 35"
"12:03:32:01","A_0008C005_250523_110242_h1CBB","COOKE S4 955","955","32","T 2.8 7/10","33.737","5.1","0.1","ARRI ALEXA 35"
"12:03:32:02","A_0008C005_250523_110242_h1CBB","COOKE S4 955","955","32","T 2.8 7/10","33.737","5.1","0.1","ARRI ALEXA 35"
"12:03:32:03","A_0008C005_250523_110242_h1CBB","COOKE S4 955","955","32","T 2.8 8/10","33.737","5.1","0.1","ARRI ALEXA 35"
"12:03:32:04","A_0008C005_250523_110242_h1CBB","COOKE S4 955","955","32","T 2.8 8/10","33.737","5.1","0.1","ARRI ALEXA 35"
"12:03:32:05","A_0008C005_250523_110242_h1CBB","COOKE S4 955","955","32","T 2.8 8/10","33.737","5.1","0.1","ARRI ALEXA 35"
"12:03:32:06","A_0008C005_250523_110242_h1CBB","COOKE S4 955","955","32","T 2.8 8/10","33.875","5.1","0.1","ARRI ALEXA 35"
"12:03:32:07","A_0008C005_250523_110242_h1CBB","COOKE S4 955","955","32","T 2.8 8/10","33.875","5.1","0.1","ARRI ALEXA 35"
"12:03:32:08","A_0008C005_250523_110242_h1CBB","COOKE S4 955","955","32","T 2.8 8/10","33.875","5.1","0.1","ARRI ALEXA 35"
"12:03:32:09","A_0008C005_250523_110242_h1CBB","COOKE S4 955","955","32","T 2.8 8/10","33.875","5.1","0.1","ARRI ALEXA 35"
"12:03:32:10","A_0008C005_250523_110242_h1CBB","COOKE S4 955","955","32","T 2.8 8/10","33.875","5.1","0.1","ARRI ALEXA 35"
"12:03:32:11","A_0008C005_250523_110242_h1CBB","COOKE S4 955","955","32","T 2.8 8/10","33.875","5.1","0.1","ARRI ALEXA 35"
"12:03:32:12","A_0008C005_250523_110242_h1CBB","COOKE S4 955","955","32","T 2.8 8/10","33.875","5.1","0.1","ARRI ALEXA 35"
"12:03:32:13","A_0008C005_250523_110242_h1CBB","COOKE S4 955","955","32","T 2.8 8/10","33.875","5.1","0.1","ARRI ALEXA 35"
"12:03:32:14","A_0008C005_250523_110242_h1CBB","COOKE S4 955","955","32","T 2.8 8/10","33.875","5.1","0.1","ARRI ALEXA 35"
"12:03:32:15","A_0008C005_250523_110242_h1CBB","COOKE S4 955","955","32","T 2.8 8/10","33.875","5.1","0.1","ARRI ALEXA 35"
"12:03:32:16","A_0008C005_250523_110242_h1CBB","COOKE S4 955","955","32","T 2.8 8/10","33.875","5.1","0.1","ARRI ALEXA 35"
"12:03:32:17","A_0008C005_250523_110242_h1CBB","COOKE S4 955","955","32","T 2.8 8/10","33.875","5.1","0.1","ARRI ALEXA 35"
"12:03:32:18","A_0008C005_250523_110242_h1CBB","COOKE S4 955","955","32","T 2.8 8/10","33.875","5.1","0.1","ARRI ALEXA 35"
"12:03:32:19","A_0008C005_250523_110242_h1CBB","COOKE S4 955","955","32","T 2.8 8/10","33.875","5.1","0.1","ARRI ALEXA 35"
"12:03:32:20","A_0008C005_250523_110242_h1CBB","COOKE S4 955","955","32","T 2.8 8/10","33.875","5.1","0.1","ARRI ALEXA 35"
"12:03:32:21","A_0008C005_250523_110242_h1CBB","COOKE S4 955","955","32","T 2.8 8/10","33.875","5.1","0.1","ARRI ALEXA 35"
"12:03:32:22","A_0008C005_250523_110242_h1CBB","COOKE S4 955","955","32","T 2.8 8/10","33.875","5.1","0.1","ARRI ALEXA 35"
"12:03:32:23","A_0008C005_250523_110242_h1CBB","COOKE S4 955","955","32","T 2.8 8/10","33.875","5.1","0.1","ARRI ALEXA 35"
"12:03:33:00","A_0008C005_250523_110242_h1CBB","COOKE S4 955","955","32","T 2.8 8/10","33.875","5.1","0.1","ARRI ALEXA 35"
"12:03:33:01","A_0008C005_250523_110242_h1CBB","COOKE S4 955","955","32","T 2.8 8/10","33.875","5.1","0.1","ARRI ALEXA 35"
"12:03:33:02","A_0008C005_250523_110242_h1CBB","COOKE S4 955","955","32","T 2.8 8/10","33.875","5.1","0.1","ARRI ALEXA 35"
"12:03:33:03","A_0008C005_250523_110242_h1CBB","COOKE S4 955","955","32","T 2.8 8/10","33.875","5.1","0.1","ARRI ALEXA 35"
"12:03:33:04","A_0008C005_250523_110242_h1CBB","COOKE S4 955","955","32","T 2.8 8/10","33.875","5.1","0.1","ARRI ALEXA 35"
"12:03:33:05","A_0008C005_250523_110242_h1CBB","COOKE S4 955","955","32","T 2.8 8/10","34.154","5.1","0.1","ARRI ALEXA 35"
"12:03:33:06","A_0008C005_250523_110242_h1CBB","COOKE S4 955","955","32","T 2.8 8/10","34.577","5.1","0.1","ARRI ALEXA 35"
"12:03:33:07","A_0008C005_250523_110242_h1CBB","COOKE S4 955","955","32","T 2.8 8/10","34.869","5.1","0.1","ARRI ALEXA 35"
"12:03:33:08","A_0008C005_250523_110242_h1CBB","COOKE S4 955","955","32","T 2.8 8/10","35.161","5.1","0.1","ARRI ALEXA 35"
"12:03:33:09","A_0008C005_250523_110242_h1CBB","COOKE S4 955","955","32","T 2.8 8/10","35.161","5.1","0.1","ARRI ALEXA 35"
"12:03:33:10","A_0008C005_250523_110242_h1CBB","COOKE S4 955","955","32","T 2.8 8/10","35.161","5.1","0.1","ARRI ALEXA 35"
"12:03:33:11","A_0008C005_250523_110242_h1CBB","COOKE S4 955","955","32","T 2.8 8/10","35.312","5.1","0.1","ARRI ALEXA 35"
"12:03:33:12","A_0008C005_250523_110242_h1CBB","COOKE S4 955","955","32","T 2.8 8/10","35.312","5.1","0.1","ARRI ALEXA 35"
"12:03:33:13","A_0008C005_250523_110242_h1CBB","COOKE S4 955","955","32","T 2.8 8/10","35.312","5.1","0.1","ARRI ALEXA 35"
"12:03:33:14","A_0008C005_250523_110242_h1CBB","COOKE S4 955","955","32","T 2.8 8/10","35.312","5.1","0.1","ARRI ALEXA 35"
"12:03:33:15","A_0008C005_250523_110242_h1CBB","COOKE S4 955","955","32","T 2.8 8/10","35.312","5.1","0.1","ARRI ALEXA 35"
"12:03:33:16","A_0008C005_250523_110242_h1CBB","COOKE S4 955","955","32","T 2.8 8/10","35.312","5.1","0.1","ARRI ALEXA 35"
"12:03:33:17","A_0008C005_250523_110242_h1CBB","COOKE S4 955","955","32","T 2.8 8/10","35.312","5.1","0.1","ARRI ALEXA 35"
"12:03:33:18","A_0008C005_250523_110242_h1CBB","COOKE S4 955","955","32","T 2.8 8/10","35.312","5.1","0.1","ARRI ALEXA 35"
"12:03:33:19","A_0008C005_250523_110242_h1CBB","COOKE S4 955","955","32","T 2.8 8/10","35.312","5.1","0.1","ARRI ALEXA 35"
"12:03:33:20","A_0008C005_250523_110242_h1CBB","COOKE S4 955","955","32","T 2.8 8/10","35.312","5.1","0.1","ARRI ALEXA 35"
"12:03:33:21","A_0008C005_250523_110242_h1CBB","COOKE S4 955","955","32","T 2.8 8/10","35.312","5.1","0.1","ARRI ALEXA 35"
"12:03:33:22","A_0008C005_250523_110242_h1CBB","COOKE S4 955","955","32","T 2.8 8/10","35.312","4.9","0.1","ARRI ALEXA 35"
"12:03:33:23","A_0008C005_250523_110242_h1CBB","COOKE S4 955","955","32","T 2.8 8/10","35.312","4.9","0.1","ARRI ALEXA 35"
"12:03:34:00","A_0008C005_250523_110242_h1CBB","COOKE S4 955","955","32","T 2.8 8/10","35.312","4.9","0.1","ARRI ALEXA 35"
"12:03:34:01","A_0008C005_250523_110242_h1CBB","COOKE S4 955","955","32","T 2.8 8/10","35.312","4.9","0.1","ARRI ALEXA 35"
"12:03:34:02","A_0008C005_250523_110242_h1CBB","COOKE S4 955","955","32","T 2.8 8/10","35.614","4.9","0.1","ARRI ALEXA 35"
"12:03:34:03","A_0008C005_250523_110242_h1CBB","COOKE S4 955","955","32","T 2.8 8/10","35.614","4.9","0.1","ARRI ALEXA 35"
"12:03:34:04","A_0008C005_250523_110242_h1CBB","COOKE S4 955","955","32","T 2.8 8/10","35.614","4.9","0.1","ARRI ALEXA 35"
"12:03:34:05","A_0008C005_250523_110242_h1CBB","COOKE S4 955","955","32","T 2.8 8/10","35.614","4.9","0.1","ARRI ALEXA 35"
"12:03:34:06","A_0008C005_250523_110242_h1CBB","COOKE S4 955","955","32","T 2.8 8/10","35.614","4.9","0.1","ARRI ALEXA 35"
"12:03:34:07","A_0008C005_250523_110242_h1CBB","COOKE S4 955","955","32","T 2.8 8/10","35.614","4.9","0.1","ARRI ALEXA 35"
"12:03:34:08","A_0008C005_250523_110242_h1CBB","COOKE S4 955","955","32","T 2.8 8/10","35.614","4.9","0.1","ARRI ALEXA 35"
"12:03:34:09","A_0008C005_250523_110242_h1CBB","COOKE S4 955","955","32","T 2.8 8/10","35.614","4.9","0.1","ARRI ALEXA 35"
"12:03:34:10","A_0008C005_250523_110242_h1CBB","COOKE S4 955","955","32","T 2.8 8/10","35.919","4.9","0.1","ARRI ALEXA 35"
"12:03:34:11","A_0008C005_250523_110242_h1CBB","COOKE S4 955","955","32","T 2.8 8/10","36.076","4.9","0.1","ARRI ALEXA 35"
"12:03:34:12","A_0008C005_250523_110242_h1CBB","COOKE S4 955","955","32","T 2.8 8/10","36.076","4.9","0.1","ARRI ALEXA 35"
"12:03:34:13","A_0008C005_250523_110242_h1CBB","COOKE S4 955","955","32","T 2.8 8/10","36.076","4.9","0.1","ARRI ALEXA 35"
"12:03:34:14","A_0008C005_250523_110242_h1CBB","COOKE S4 955","955","32","T 2.8 8/10","36.076","4.9","0.1","ARRI ALEXA 35"
"12:03:34:15","A_0008C005_250523_110242_h1CBB","COOKE S4 955","955","32","T 2.8 8/10","36.076","4.9","0.1","ARRI ALEXA 35"
"12:03:34:16","A_0008C005_250523_110242_h1CBB","COOKE S4 955","955","32","T 2.8 8/10","36.076","4.9","0.1","ARRI ALEXA 35"
"12:03:34:17","A_0008C005_250523_110242_h1CBB","COOKE S4 955","955","32","T 2.8 8/10","36.076","4.9","0.1","ARRI ALEXA 35"
"12:03:34:18","A_0008C005_250523_110242_h1CBB","COOKE S4 955","955","32","T 2.8 8/10","36.076","4.9","0.1","ARRI ALEXA 35"
"12:03:34:19","A_0008C005_250523_110242_h1CBB","COOKE S4 955","955","32","T 2.8 8/10","36.076","4.9","0.1","ARRI ALEXA 35"
"12:03:34:20","A_0008C005_250523_110242_h1CBB","COOKE S4 955","955","32","T 2.8 8/10","36.076","4.9","0.1","ARRI ALEXA 35"
"12:03:34:21","A_0008C005_250523_110242_h1CBB","COOKE S4 955","955","32","T 2.8 8/10","36.076","4.9","0.1","ARRI ALEXA 35"
"12:03:34:22","A_0008C005_250523_110242_h1CBB","COOKE S4 955","955","32","T 2.8 8/10","36.076","4.9","0.1","ARRI ALEXA 35"
"12:03:34:23","A_0008C005_250523_110242_h1CBB","COOKE S4 955","955","32","T 2.8 8/10","36.076","4.9","0.1","ARRI ALEXA 35"
"12:03:35:00","A_0008C005_250523_110242_h1CBB","COOKE S4 955","955","32","T 2.8 8/10","36.076","4.9","0.1","ARRI ALEXA 35"
"12:03:35:01","A_0008C005_250523_110242_h1CBB","COOKE S4 955","955","32","T 2.8 8/10","36.076","4.9","0.1","ARRI ALEXA 35"
"12:03:35:02","A_0008C005_250523_110242_h1CBB","COOKE S4 955","955","32","T 2.8 8/10","36.076","4.9","0.1","ARRI ALEXA 35"
"12:03:35:03","A_0008C005_250523_110242_h1CBB","COOKE S4 955","955","32","T 2.8 8/10","36.076","4.9","0.1","ARRI ALEXA 35"
"12:03:35:04","A_0008C005_250523_110242_h1CBB","COOKE S4 955","955","32","T 2.8 8/10","36.076","4.9","0.1","ARRI ALEXA 35"
"12:03:35:05","A_0008C005_250523_110242_h1CBB","COOKE S4 955","955","32","T 2.8 8/10","36.076","4.9","0.1","ARRI ALEXA 35"
"12:03:35:06","A_0008C005_250523_110242_h1CBB","COOKE S4 955","955","32","T 2.8 8/10","36.076","4.9","0.1","ARRI ALEXA 35"
"12:03:35:07","A_0008C005_250523_110242_h1CBB","COOKE S4 955","955","32","T 2.8 8/10","36.076","4.9","0.1","ARRI ALEXA 35"
"12:03:35:08","A_0008C005_250523_110242_h1CBB","COOKE S4 955","955","32","T 2.8 8/10","36.076","4.9","0.1","ARRI ALEXA 35"
"12:03:35:09","A_0008C005_250523_110242_h1CBB","COOKE S4 955","955","32","T 2.8 8/10","36.076","4.9","0.1","ARRI ALEXA 35"
"12:03:35:10","A_0008C005_250523_110242_h1CBB","COOKE S4 955","955","32","T 2.8 8/10","36.076","4.9","0.1","ARRI ALEXA 35"
"12:03:35:11","A_0008C005_250523_110242_h1CBB","COOKE S4 955","955","32","T 2.8 8/10","36.076","4.9","0.1","ARRI ALEXA 35"
"12:03:35:12","A_0008C005_250523_110242_h1CBB","COOKE S4 955","955","32","T 2.8 8/10","36.076","4.9","0.1","ARRI ALEXA 35"
"12:03:35:13","A_0008C005_250523_110242_h1CBB","COOKE S4 955","955","32","T 2.8 8/10","36.076","4.9","0.1","ARRI ALEXA 35"
"12:03:35:14","A_0008C005_250523_110242_h1CBB","COOKE S4 955","955","32","T 2.8 8/10","36.076","4.9","0.1","ARRI ALEXA 35"
"12:03:35:15","A_0008C005_250523_110242_h1CBB","COOKE S4 955","955","32","T 2.8 8/10","36.076","4.9","0.1","ARRI ALEXA 35"
"12:03:35:16","A_0008C005_250523_110242_h1CBB","COOKE S4 955","955","32","T 2.8 8/10","36.076","4.9","0.1","ARRI ALEXA 35"
"12:03:35:17","A_0008C005_250523_110242_h1CBB","COOKE S4 955","955","32","T 2.8 8/10","36.076","4.9","0.1","ARRI ALEXA 35"
"12:03:35:18","A_0008C005_250523_110242_h1CBB","COOKE S4 955","955","32","T 2.8 8/10","36.076","4.9","0.1","ARRI ALEXA 35"
"12:03:35:19","A_0008C005_250523_110242_h1CBB","COOKE S4 955","955","32","T 2.8 8/10","36.076","4.9","0.1","ARRI ALEXA 35"
"12:03:35:20","A_0008C005_250523_110242_h1CBB","COOKE S4 955","955","32","T 2.8 8/10","36.076","4.9","0.1","ARRI ALEXA 35"
"12:03:35:21","A_0008C005_250523_110242_h1CBB","COOKE S4 955","955","32","T 2.8 8/10","36.076","4.9","0.1","ARRI ALEXA 35"
"12:03:35:22","A_0008C005_250523_110242_h1CBB","COOKE S4 955","955","32","T 2.8 8/10","36.076","4.9","0.1","ARRI ALEXA 35"
"12:03:35:23","A_0008C005_250523_110242_h1CBB","COOKE S4 955","955","32","T 2.8 8/10","36.076","4.9","0.1","ARRI ALEXA 35"
"12:03:36:00","A_0008C005_250523_110242_h1CBB","COOKE S4 955","955","32","T 2.8 8/10","36.076","4.9","0.1","ARRI ALEXA 35"
"12:03:36:01","A_0008C005_250523_110242_h1CBB","COOKE S4 955","955","32","T 2.8 8/10","36.076","4.9","0.1","ARRI ALEXA 35"
"12:03:36:02","A_0008C005_250523_110242_h1CBB","COOKE S4 955","955","32","T 2.8 8/10","36.076","4.9","0.1","ARRI ALEXA 35"
"12:03:36:03","A_0008C005_250523_110242_h1CBB","COOKE S4 955","955","32","T 2.8 8/10","36.391","4.9","0.1","ARRI ALEXA 35"
"12:03:36:04","A_0008C005_250523_110242_h1CBB","COOKE S4 955","955","32","T 2.8 8/10","36.709","4.9","0.1","ARRI ALEXA 35"
"12:03:36:05","A_0008C005_250523_110242_h1CBB","COOKE S4 955","955","32","T 2.8 8/10","36.873","4.9","0.1","ARRI ALEXA 35"
"12:03:36:06","A_0008C005_250523_110242_h1CBB","COOKE S4 955","955","32","T 2.8 8/10","37.536","4.9","0.1","ARRI ALEXA 35"
"12:03:36:07","A_0008C005_250523_110242_h1CBB","COOKE S4 955","955","32","T 2.8 8/10","37.536","4.9","0.1","ARRI ALEXA 35"
"12:03:36:08","A_0008C005_250523_110242_h1CBB","COOKE S4 955","955","32","T 2.8 8/10","37.536","4.9","0.1","ARRI ALEXA 35"
"12:03:36:09","A_0008C005_250523_110242_h1CBB","COOKE S4 955","955","32","T 2.8 8/10","37.536","4.9","0.1","ARRI ALEXA 35"
"12:03:36:10","A_0008C005_250523_110242_h1CBB","COOKE S4 955","955","32","T 2.8 8/10","37.536","4.9","0.1","ARRI ALEXA 35"
"12:03:36:11","A_0008C005_250523_110242_h1CBB","COOKE S4 955","955","32","T 2.8 8/10","37.536","4.9","0.1","ARRI ALEXA 35"
"12:03:36:12","A_0008C005_250523_110242_h1CBB","COOKE S4 955","955","32","T 2.8 8/10","37.536","4.9","0.1","ARRI ALEXA 35"
"12:03:36:13","A_0008C005_250523_110242_h1CBB","COOKE S4 955","955","32","T 2.8 8/10","37.536","4.9","0.1","ARRI ALEXA 35"
"12:03:36:14","A_0008C005_250523_110242_h1CBB","COOKE S4 955","955","32","T 2.8 8/10","37.536","5","0.1","ARRI ALEXA 35"
"12:03:36:15","A_0008C005_250523_110242_h1CBB","COOKE S4 955","955","32","T 2.8 8/10","37.536","5","0.1","ARRI ALEXA 35"
"12:03:36:16","A_0008C005_250523_110242_h1CBB","COOKE S4 955","955","32","T 2.8 8/10","37.536","5.1","0.1","ARRI ALEXA 35"
"12:03:36:17","A_0008C005_250523_110242_h1CBB","COOKE S4 955","955","32","T 2.8 8/10","37.536","5.1","0.1","ARRI ALEXA 35"
"12:03:36:18","A_0008C005_250523_110242_h1CBB","COOKE S4 955","955","32","T 2.8 8/10","37.536","5.2","0.1","ARRI ALEXA 35"
"12:03:36:19","A_0008C005_250523_110242_h1CBB","COOKE S4 955","955","32","T 2.8 8/10","37.536","5.2","0.1","ARRI ALEXA 35"
"12:03:36:20","A_0008C005_250523_110242_h1CBB","COOKE S4 955","955","32","T 2.8 8/10","37.536","5.2","0.1","ARRI ALEXA 35"
"12:03:36:21","A_0008C005_250523_110242_h1CBB","COOKE S4 955","955","32","T 2.8 8/10","37.536","5.2","0.1","ARRI ALEXA 35"
"12:03:36:22","A_0008C005_250523_110242_h1CBB","COOKE S4 955","955","32","T 2.8 8/10","37.536","5.2","0.1","ARRI ALEXA 35"
"12:03:36:23","A_0008C005_250523_110242_h1CBB","COOKE S4 955","955","32","T 2.8 8/10","37.536","5.2","0.1","ARRI ALEXA 35"
"12:03:37:00","A_0008C005_250523_110242_h1CBB","COOKE S4 955","955","32","T 2.8 8/10","37.536","5.2","0.1","ARRI ALEXA 35"
"12:03:37:01","A_0008C005_250523_110242_h1CBB","COOKE S4 955","955","32","T 2.8 8/10","37.536","5.2","0.1","ARRI ALEXA 35"
"12:03:37:02","A_0008C005_250523_110242_h1CBB","COOKE S4 955","955","32","T 2.8 8/10","37.536","5.2","0.1","ARRI ALEXA 35"
"12:03:37:03","A_0008C005_250523_110242_h1CBB","COOKE S4 955","955","32","T 2.8 8/10","37.536","5.2","0.1","ARRI ALEXA 35"
"12:03:37:04","A_0008C005_250523_110242_h1CBB","COOKE S4 955","955","32","T 2.8 8/10","37.536","5.2","0.1","ARRI ALEXA 35"
"12:03:37:05","A_0008C005_250523_110242_h1CBB","COOKE S4 955","955","32","T 2.8 8/10","37.536","5.2","0.1","ARRI ALEXA 35"
"12:03:37:06","A_0008C005_250523_110242_h1CBB","COOKE S4 955","955","32","T 2.8 8/10","37.536","5.2","0.1","ARRI ALEXA 35"
"12:03:37:07","A_0008C005_250523_110242_h1CBB","COOKE S4 955","955","32","T 2.8 8/10","37.536","5.2","0.1","ARRI ALEXA 35"
"12:03:37:08","A_0008C005_250523_110242_h1CBB","COOKE S4 955","955","32","T 2.8 8/10","37.536","5.2","0.1","ARRI ALEXA 35"
"12:03:37:09","A_0008C005_250523_110242_h1CBB","COOKE S4 955","955","32","T 2.8 8/10","37.536","5","0.1","ARRI ALEXA 35"
"12:03:37:10","A_0008C005_250523_110242_h1CBB","COOKE S4 955","955","32","T 2.8 8/10","37.536","5","0.1","ARRI ALEXA 35"
"12:03:37:11","A_0008C005_250523_110242_h1CBB","COOKE S4 955","955","32","T 2.8 8/10","37.536","5","0.1","ARRI ALEXA 35"
"12:03:37:12","A_0008C005_250523_110242_h1CBB","COOKE S4 955","955","32","T 2.8 8/10","36.873","5","0.1","ARRI ALEXA 35"
"12:03:37:13","A_0008C005_250523_110242_h1CBB","COOKE S4 955","955","32","T 2.8 8/10","36.709","5","0.1","ARRI ALEXA 35"
"12:03:37:14","A_0008C005_250523_110242_h1CBB","COOKE S4 955","955","32","T 2.8 8/10","36.709","4.8","0.1","ARRI ALEXA 35"
"12:03:37:15","A_0008C005_250523_110242_h1CBB","COOKE S4 955","955","32","T 2.8 8/10","36.709","4.8","0.1","ARRI ALEXA 35"
"12:03:37:16","A_0008C005_250523_110242_h1CBB","COOKE S4 955","955","32","T 2.8 8/10","36.709","4.8","0.1","ARRI ALEXA 35"
"12:03:37:17","A_0008C005_250523_110242_h1CBB","COOKE S4 955","955","32","T 2.8 8/10","36.709","4.8","0.1","ARRI ALEXA 35"
"12:03:37:18","A_0008C005_250523_110242_h1CBB","COOKE S4 955","955","32","T 2.8 8/10","36.709","4.8","0.1","ARRI ALEXA 35"
"12:03:37:19","A_0008C005_250523_110242_h1CBB","COOKE S4 955","955","32","T 2.8 8/10","36.709","4.8","0.1","ARRI ALEXA 35"
"12:03:37:20","A_0008C005_250523_110242_h1CBB","COOKE S4 955","955","32","T 2.8 8/10","36.709","4.8","0.1","ARRI ALEXA 35"
"12:03:37:21","A_0008C005_250523_110242_h1CBB","COOKE S4 955","955","32","T 2.8 8/10","36.709","4.8","0.1","ARRI ALEXA 35"
"12:03:37:22","A_0008C005_250523_110242_h1CBB","COOKE S4 955","955","32","T 2.8 8/10","36.709","4.8","0.1","ARRI ALEXA 35"
"12:03:37:23","A_0008C005_250523_110242_h1CBB","COOKE S4 955","955","32","T 2.8 8/10","36.709","4.8","0.1","ARRI ALEXA 35"
"12:03:38:00","A_0008C005_250523_110242_h1CBB","COOKE S4 955","955","32","T 2.8 8/10","36.709","4.8","0.1","ARRI ALEXA 35"
"12:03:38:01","A_0008C005_250523_110242_h1CBB","COOKE S4 955","955","32","T 2.8 8/10","36.709","4.8","0.1","ARRI ALEXA 35"
"12:03:38:02","A_0008C005_250523_110242_h1CBB","COOKE S4 955","955","32","T 2.8 8/10","36.709","4.8","0.1","ARRI ALEXA 35"
"12:03:38:03","A_0008C005_250523_110242_h1CBB","COOKE S4 955","955","32","T 2.8 8/10","36.709","4.8","0.1","ARRI ALEXA 35"
"12:03:38:04","A_0008C005_250523_110242_h1CBB","COOKE S4 955","955","32","T 2.8 8/10","36.709","4.8","0.1","ARRI ALEXA 35"
"12:03:38:05","A_0008C005_250523_110242_h1CBB","COOKE S4 955","955","32","T 2.8 8/10","36.709","4.8","0.1","ARRI ALEXA 35"
"12:03:38:06","A_0008C005_250523_110242_h1CBB","COOKE S4 955","955","32","T 2.8 8/10","36.709","4.8","0.1","ARRI ALEXA 35"
"12:03:38:07","A_0008C005_250523_110242_h1CBB","COOKE S4 955","955","32","T 2.8 8/10","36.709","4.8","0.1","ARRI ALEXA 35"
"12:03:38:08","A_0008C005_250523_110242_h1CBB","COOKE S4 955","955","32","T 2.8 8/10","36.709","4.8","0.1","ARRI ALEXA 35"
"12:03:38:09","A_0008C005_250523_110242_h1CBB","COOKE S4 955","955","32","T 2.8 8/10","36.391","4.8","0.1","ARRI ALEXA 35"
"12:03:38:10","A_0008C005_250523_110242_h1CBB","COOKE S4 955","955","32","T 2.8 8/10","35.312","4.8","0.1","ARRI ALEXA 35"
"12:03:38:11","A_0008C005_250523_110242_h1CBB","COOKE S4 955","955","32","T 2.8 8/10","34.436","4.8","0.1","ARRI ALEXA 35"
"12:03:38:12","A_0008C005_250523_110242_h1CBB","COOKE S4 955","955","32","T 2.8 8/10","33.737","4.8","0.1","ARRI ALEXA 35"
"12:03:38:13","A_0008C005_250523_110242_h1CBB","COOKE S4 955","955","32","T 2.8 8/10","33.202","4.8","0.1","ARRI ALEXA 35"
"12:03:38:14","A_0008C005_250523_110242_h1CBB","COOKE S4 955","955","32","T 2.8 8/10","32.808","4.8","0.1","ARRI ALEXA 35"
"12:03:38:15","A_0008C005_250523_110242_h1CBB","COOKE S4 955","955","32","T 2.8 8/10","32.552","4.8","0.1","ARRI ALEXA 35"
"12:03:38:16","A_0008C005_250523_110242_h1CBB","COOKE S4 955","955","32","T 2.8 8/10","32.425","4.8","0.1","ARRI ALEXA 35"
"12:03:38:17","A_0008C005_250523_110242_h1CBB","COOKE S4 955","955","32","T 2.8 8/10","32.425","4.8","0.1","ARRI ALEXA 35"
"12:03:38:18","A_0008C005_250523_110242_h1CBB","COOKE S4 955","955","32","T 2.8 8/10","32.175","4.8","0.1","ARRI ALEXA 35"
"12:03:38:19","A_0008C005_250523_110242_h1CBB","COOKE S4 955","955","32","T 2.8 8/10","31.929","4.8","0.1","ARRI ALEXA 35"
"12:03:38:20","A_0008C005_250523_110242_h1CBB","COOKE S4 955","955","32","T 2.8 8/10","31.329","4.8","0.1","ARRI ALEXA 35"
"12:03:38:21","A_0008C005_250523_110242_h1CBB","COOKE S4 955","955","32","T 2.8 8/10","30.413","4.8","0.1","ARRI ALEXA 35"
"12:03:38:22","A_0008C005_250523_110242_h1CBB","COOKE S4 955","955","32","T 2.8 8/10","30.194","4.8","0.1","ARRI ALEXA 35"
"12:03:38:23","A_0008C005_250523_110242_h1CBB","COOKE S4 955","955","32","T 2.8 8/10","29.446","4.8","0.1","ARRI ALEXA 35"
"12:03:39:00","A_0008C005_250523_110242_h1CBB","COOKE S4 955","955","32","T 2.8 8/10","29.239","4.8","0.1","ARRI ALEXA 35"
"12:03:39:01","A_0008C005_250523_110242_h1CBB","COOKE S4 955","955","32","T 2.8 8/10","28.442","4.8","0.1","ARRI ALEXA 35"
"12:03:39:02","A_0008C005_250523_110242_h1CBB","COOKE S4 955","955","32","T 2.8 8/10","28.153","4.8","0.1","ARRI ALEXA 35"
"12:03:39:03","A_0008C005_250523_110242_h1CBB","COOKE S4 955","955","32","T 2.8 8/10","27.779","4.8","0.1","ARRI ALEXA 35"
"12:03:39:04","A_0008C005_250523_110242_h1CBB","COOKE S4 955","955","32","T 2.8 8/10","27.234","4.8","0.1","ARRI ALEXA 35"
"12:03:39:05","A_0008C005_250523_110242_h1CBB","COOKE S4 955","955","32","T 2.8 8/10","26.709","4.8","0.1","ARRI ALEXA 35"
"12:03:39:06","A_0008C005_250523_110242_h1CBB","COOKE S4 955","955","32","T 2.8 8/10","26.371","4.8","0.1","ARRI ALEXA 35"
"12:03:39:07","A_0008C005_250523_110242_h1CBB","COOKE S4 955","955","32","T 2.8 8/10","25.961","4.8","0.1","ARRI ALEXA 35"
"12:03:39:08","A_0008C005_250523_110242_h1CBB","COOKE S4 955","955","32","T 2.8 8/10","25.561","4.9","0.1","ARRI ALEXA 35"
"12:03:39:09","A_0008C005_250523_110242_h1CBB","COOKE S4 955","955","32","T 2.8 8/10","25.328","4.9","0.1","ARRI ALEXA 35"
"12:03:39:10","A_0008C005_250523_110242_h1CBB","COOKE S4 955","955","32","T 2.8 8/10","24.951","4.9","0.1","ARRI ALEXA 35"
"12:03:39:11","A_0008C005_250523_110242_h1CBB","COOKE S4 955","955","32","T 2.8 8/10","24.951","4.9","0.1","ARRI ALEXA 35"
"12:03:39:12","A_0008C005_250523_110242_h1CBB","COOKE S4 955","955","32","T 2.8 8/10","24.728","4.9","0.1","ARRI ALEXA 35"
"12:03:39:13","A_0008C005_250523_110242_h1CBB","COOKE S4 955","955","32","T 2.8 8/10","24.511","4.9","0.1","ARRI ALEXA 35"
"12:03:39:14","A_0008C005_250523_110242_h1CBB","COOKE S4 955","955","32","T 2.8 8/10","24.439","4.9","0.1","ARRI ALEXA 35"
"12:03:39:15","A_0008C005_250523_110242_h1CBB","COOKE S4 955","955","32","T 2.8 8/10","24.226","4.9","0.1","ARRI ALEXA 35"
"12:03:39:16","A_0008C005_250523_110242_h1CBB","COOKE S4 955","955","32","T 2.8 8/10","24.085","5.1","0.1","ARRI ALEXA 35"
"12:03:39:17","A_0008C005_250523_110242_h1CBB","COOKE S4 955","955","32","T 2.8 8/10","23.74","5.1","0.1","ARRI ALEXA 35"
"12:03:39:18","A_0008C005_250523_110242_h1CBB","COOKE S4 955","955","32","T 2.8 8/10","23.606","5.2","0.1","ARRI ALEXA 35"
"12:03:39:19","A_0008C005_250523_110242_h1CBB","COOKE S4 955","955","32","T 2.8 8/10","23.343","5.2","0.1","ARRI ALEXA 35"
"12:03:39:20","A_0008C005_250523_110242_h1CBB","COOKE S4 955","955","32","T 2.8 8/10","22.707","5.2","0.1","ARRI ALEXA 35"
"12:03:39:21","A_0008C005_250523_110242_h1CBB","COOKE S4 955","955","32","T 2.8 8/10","22.523","5.4","0.1","ARRI ALEXA 35"
"12:03:39:22","A_0008C005_250523_110242_h1CBB","COOKE S4 955","955","32","T 2.8 8/10","22.221","5.4","0.1","ARRI ALEXA 35"
"12:03:39:23","A_0008C005_250523_110242_h1CBB","COOKE S4 955","955","32","T 2.8 8/10","22.047","5.4","0.1","ARRI ALEXA 35"
"12:03:40:00","A_0008C005_250523_110242_h1CBB","COOKE S4 955","955","32","T 2.8 8/10","21.368","5.4","0.1","ARRI ALEXA 35"
"12:03:40:01","A_0008C005_250523_110242_h1CBB","COOKE S4 955","955","32","T 2.8 8/10","21.152","5.4","0.1","ARRI ALEXA 35"
"12:03:40:02","A_0008C005_250523_110242_h1CBB","COOKE S4 955","955","32","T 2.8 8/10","20.781","5.5","0.1","ARRI ALEXA 35"
"12:03:40:03","A_0008C005_250523_110242_h1CBB","COOKE S4 955","955","32","T 2.8 8/10","20.423","5.5","0.1","ARRI ALEXA 35"
"12:03:40:04","A_0008C005_250523_110242_h1CBB","COOKE S4 955","955","32","T 2.8 8/10","20.226","5.7","0.1","ARRI ALEXA 35"
"12:03:40:05","A_0008C005_250523_110242_h1CBB","COOKE S4 955","955","32","T 2.8 8/10","20.033","5.8","0.1","ARRI ALEXA 35"
"12:03:40:06","A_0008C005_250523_110242_h1CBB","COOKE S4 955","955","32","T 2.8 8/10","19.701","5.8","0.1","ARRI ALEXA 35"
"12:03:40:07","A_0008C005_250523_110242_h1CBB","COOKE S4 955","955","32","T 2.8 8/10","19.291","5.9","0.1","ARRI ALEXA 35"
"12:03:40:08","A_0008C005_250523_110242_h1CBB","COOKE S4 955","955","32","T 2.8 8/10","19.203","5.9","0.1","ARRI ALEXA 35"
"12:03:40:09","A_0008C005_250523_110242_h1CBB","COOKE S4 955","955","32","T 2.8 8/10","18.898","6","0.1","ARRI ALEXA 35"
"12:03:40:10","A_0008C005_250523_110242_h1CBB","COOKE S4 955","955","32","T 2.8 8/10","18.274","6.2","0.1","ARRI ALEXA 35"
"12:03:40:11","A_0008C005_250523_110242_h1CBB","COOKE S4 955","955","32","T 2.8 8/10","18.156","6.2","0.1","ARRI ALEXA 35"
"12:03:40:12","A_0008C005_250523_110242_h1CBB","COOKE S4 955","955","32","T 2.8 8/10","17.999","6.4","0.1","ARRI ALEXA 35"
"12:03:40:13","A_0008C005_250523_110242_h1CBB","COOKE S4 955","955","32","T 2.8 8/10","17.805","6.4","0.1","ARRI ALEXA 35"
"12:03:40:14","A_0008C005_250523_110242_h1CBB","COOKE S4 955","955","32","T 2.8 8/10","17.543","6.6","0.1","ARRI ALEXA 35"
"12:03:40:15","A_0008C005_250523_110242_h1CBB","COOKE S4 955","955","32","T 2.8 8/10","17.362","6.6","0.1","ARRI ALEXA 35"
"12:03:40:16","A_0008C005_250523_110242_h1CBB","COOKE S4 955","955","32","T 2.8 8/10","17.113","6.8","0.1","ARRI ALEXA 35"
"12:03:40:17","A_0008C005_250523_110242_h1CBB","COOKE S4 955","955","32","T 2.8 8/10","16.768","6.9","0.1","ARRI ALEXA 35"
"12:03:40:18","A_0008C005_250523_110242_h1CBB","COOKE S4 955","955","32","T 2.8 8/10","16.437","6.9","0.1","ARRI ALEXA 35"
"12:03:40:19","A_0008C005_250523_110242_h1CBB","COOKE S4 955","955","32","T 2.8 8/10","16.309","7.1","0.1","ARRI ALEXA 35"
"12:03:40:20","A_0008C005_250523_110242_h1CBB","COOKE S4 955","955","32","T 2.8 8/10","15.935","7.2","0.1","ARRI ALEXA 35"
"12:03:40:21","A_0008C005_250523_110242_h1CBB","COOKE S4 955","955","32","T 2.8 8/10","15.348","7.3","0.1","ARRI ALEXA 35"
"12:03:40:22","A_0008C005_250523_110242_h1CBB","COOKE S4 955","955","32","T 2.8 8/10","15.348","7.5","0.1","ARRI ALEXA 35"
"12:03:40:23","A_0008C005_250523_110242_h1CBB","COOKE S4 955","955","32","T 2.8 8/10","14.908","7.5","0.1","ARRI ALEXA 35"
"12:03:41:00","A_0008C005_250523_110242_h1CBB","COOKE S4 955","955","32","T 2.8 8/10","14.646","7.7","0.1","ARRI ALEXA 35"
"12:03:41:01","A_0008C005_250523_110242_h1CBB","COOKE S4 955","955","32","T 2.8 8/10","14.416","7.8","0.1","ARRI ALEXA 35"
"12:03:41:02","A_0008C005_250523_110242_h1CBB","COOKE S4 955","955","32","T 2.8 8/10","14.173","7.9","0.1","ARRI ALEXA 35"
"12:03:41:03","A_0008C005_250523_110242_h1CBB","COOKE S4 955","955","32","T 2.8 8/10","14.052","8.1","0.1","ARRI ALEXA 35"
"12:03:41:04","A_0008C005_250523_110242_h1CBB","COOKE S4 955","955","32","T 2.8 8/10","13.865","8.2","0.1","ARRI ALEXA 35"
"12:03:41:05","A_0008C005_250523_110242_h1CBB","COOKE S4 955","955","32","T 2.8 8/10","13.773","8.3","0.1","ARRI ALEXA 35"
"12:03:41:06","A_0008C005_250523_110242_h1CBB","COOKE S4 955","955","32","T 2.8 8/10","13.484","8.3","0.1","ARRI ALEXA 35"
"12:03:41:07","A_0008C005_250523_110242_h1CBB","COOKE S4 955","955","32","T 2.8 8/10","13.31","8.5","0.1","ARRI ALEXA 35"
"12:03:41:08","A_0008C005_250523_110242_h1CBB","COOKE S4 955","955","32","T 2.8 8/10","13.143","8.5","0.1","ARRI ALEXA 35"
"12:03:41:09","A_0008C005_250523_110242_h1CBB","COOKE S4 955","955","32","T 2.8 8/10","12.979","8.5","0.1","ARRI ALEXA 35"
"12:03:41:10","A_0008C005_250523_110242_h1CBB","COOKE S4 955","955","32","T 2.8 8/10","12.881","8.7","0.1","ARRI ALEXA 35"
"12:03:41:11","A_0008C005_250523_110242_h1CBB","COOKE S4 955","955","32","T 2.8 8/10","12.743","8.9","0.1","ARRI ALEXA 35"
"12:03:41:12","A_0008C005_250523_110242_h1CBB","COOKE S4 955","955","32","T 2.8 8/10","12.684","9.1","0.1","ARRI ALEXA 35"
"12:03:41:13","A_0008C005_250523_110242_h1CBB","COOKE S4 955","955","32","T 2.8 8/10","12.569","9.1","0.1","ARRI ALEXA 35"
"12:03:41:14","A_0008C005_250523_110242_h1CBB","COOKE S4 955","955","32","T 2.8 8/10","12.493","9.3","0.1","ARRI ALEXA 35"
"12:03:41:15","A_0008C005_250523_110242_h1CBB","COOKE S4 955","955","32","T 2.8 8/10","12.438","9.4","0.1","ARRI ALEXA 35"
"12:03:41:16","A_0008C005_250523_110242_h1CBB","COOKE S4 955","955","32","T 2.8 8/10","12.402","9.6","0.1","ARRI ALEXA 35"
"12:03:41:17","A_0008C005_250523_110242_h1CBB","COOKE S4 955","955","32","T 2.8 8/10","12.402","9.8","0.1","ARRI ALEXA 35"
"12:03:41:18","A_0008C005_250523_110242_h1CBB","COOKE S4 955","955","32","T 2.8 8/10","12.382","9.8","0.1","ARRI ALEXA 35"
"12:03:41:19","A_0008C005_250523_110242_h1CBB","COOKE S4 955","955","32","T 2.8 8/10","12.382","10","0.1","ARRI ALEXA 35"
"12:03:41:20","A_0008C005_250523_110242_h1CBB","COOKE S4 955","955","32","T 2.8 8/10","12.31","10.2","0.1","ARRI ALEXA 35"
"12:03:41:21","A_0008C005_250523_110242_h1CBB","COOKE S4 955","955","32","T 2.8 8/10","12.31","10.4","0.1","ARRI ALEXA 35"
"12:03:41:22","A_0008C005_250523_110242_h1CBB","COOKE S4 955","955","32","T 2.8 8/10","12.31","10.6","0.1","ARRI ALEXA 35"
"12:03:41:23","A_0008C005_250523_110242_h1CBB","COOKE S4 955","955","32","T 2.8 8/10","12.31","10.6","0.1","ARRI ALEXA 35"
"12:03:42:00","A_0008C005_250523_110242_h1CBB","COOKE S4 955","955","32","T 2.8 8/10","12.29","10.6","0.1","ARRI ALEXA 35"
"12:03:42:01","A_0008C005_250523_110242_h1CBB","COOKE S4 955","955","32","T 2.8 8/10","12.29","10.6","0.1","ARRI ALEXA 35"
"12:03:42:02","A_0008C005_250523_110242_h1CBB","COOKE S4 955","955","32","T 2.8 8/10","12.29","10.6","0.1","ARRI ALEXA 35"
"12:03:42:03","A_0008C005_250523_110242_h1CBB","COOKE S4 955","955","32","T 2.8 8/10","12.254","10.6","0.1","ARRI ALEXA 35"
"12:03:42:04","A_0008C005_250523_110242_h1CBB","COOKE S4 955","955","32","T 2.8 8/10","12.254","10.4","0.1","ARRI ALEXA 35"
"12:03:42:05","A_0008C005_250523_110242_h1CBB","COOKE S4 955","955","32","T 2.8 8/10","12.165","10.4","0.1","ARRI ALEXA 35"
"12:03:42:06","A_0008C005_250523_110242_h1CBB","COOKE S4 955","955","32","T 2.8 8/10","12.06","10.4","0.1","ARRI ALEXA 35"
"12:03:42:07","A_0008C005_250523_110242_h1CBB","COOKE S4 955","955","32","T 2.8 8/10","12.008","10.4","0.1","ARRI ALEXA 35"
"12:03:42:08","A_0008C005_250523_110242_h1CBB","COOKE S4 955","955","32","T 2.8 8/10","12.008","10.4","0.1","ARRI ALEXA 35"
"12:03:42:09","A_0008C005_250523_110242_h1CBB","COOKE S4 955","955","32","T 2.8 8/10","11.972","10.4","0.1","ARRI ALEXA 35"
"12:03:42:10","A_0008C005_250523_110242_h1CBB","COOKE S4 955","955","32","T 2.8 8/10","11.923","10.4","0.1","ARRI ALEXA 35"
"12:03:42:11","A_0008C005_250523_110242_h1CBB","COOKE S4 955","955","32","T 2.8 8/10","11.923","10.4","0.1","ARRI ALEXA 35"
"12:03:42:12","A_0008C005_250523_110242_h1CBB","COOKE S4 955","955","32","T 2.8 8/10","11.923","10.4","0.1","ARRI ALEXA 35"
"12:03:42:13","A_0008C005_250523_110242_h1CBB","COOKE S4 955","955","32","T 2.8 8/10","11.906","10.4","0.1","ARRI ALEXA 35"
"12:03:42:14","A_0008C005_250523_110242_h1CBB","COOKE S4 955","955","32","T 2.8 8/10","11.906","10.4","0.1","ARRI ALEXA 35"
"12:03:42:15","A_0008C005_250523_110242_h1CBB","COOKE S4 955","955","32","T 2.8 8/10","11.886","10.4","0.1","ARRI ALEXA 35"
"12:03:42:16","A_0008C005_250523_110242_h1CBB","COOKE S4 955","955","32","T 2.8 8/10","11.886","10.4","0.1","ARRI ALEXA 35"
"12:03:42:17","A_0008C005_250523_110242_h1CBB","COOKE S4 955","955","32","T 2.8 8/10","11.886","10.4","0.1","ARRI ALEXA 35"
"12:03:42:18","A_0008C005_250523_110242_h1CBB","COOKE S4 955","955","32","T 2.8 8/10","11.854","10.4","0.1","ARRI ALEXA 35"
"12:03:42:19","A_0008C005_250523_110242_h1CBB","COOKE S4 955","955","32","T 2.8 8/10","11.854","10.4","0.1","ARRI ALEXA 35"
"12:03:42:20","A_0008C005_250523_110242_h1CBB","COOKE S4 955","955","32","T 2.8 8/10","11.854","10.4","0.1","ARRI ALEXA 35"
"12:03:42:21","A_0008C005_250523_110242_h1CBB","COOKE S4 955","955","32","T 2.8 8/10","11.854","10.4","0.1","ARRI ALEXA 35"
"12:03:42:22","A_0008C005_250523_110242_h1CBB","COOKE S4 955","955","32","T 2.8 8/10","11.854","10.4","0.1","ARRI ALEXA 35"
"12:03:42:23","A_0008C005_250523_110242_h1CBB","COOKE S4 955","955","32","T 2.8 8/10","11.854","10.4","0.1","ARRI ALEXA 35"
"12:03:43:00","A_0008C005_250523_110242_h1CBB","COOKE S4 955","955","32","T 2.8 8/10","11.837","10.4","0.1","ARRI ALEXA 35"
"12:03:43:01","A_0008C005_250523_110242_h1CBB","COOKE S4 955","955","32","T 2.8 8/10","11.788","10.4","0.1","ARRI ALEXA 35"
"12:03:43:02","A_0008C005_250523_110242_h1CBB","COOKE S4 955","955","32","T 2.8 8/10","11.752","10.5","0.1","ARRI ALEXA 35"
"12:03:43:03","A_0008C005_250523_110242_h1CBB","COOKE S4 955","955","32","T 2.8 8/10","11.703","10.5","0.1","ARRI ALEXA 35"
"12:03:43:04","A_0008C005_250523_110242_h1CBB","COOKE S4 955","955","32","T 2.8 8/10","11.542","10.5","0.1","ARRI ALEXA 35"
"12:03:43:05","A_0008C005_250523_110242_h1CBB","COOKE S4 955","955","32","T 2.8 8/10","11.48","10.6","0.1","ARRI ALEXA 35"
"12:03:43:06","A_0008C005_250523_110242_h1CBB","COOKE S4 955","955","32","T 2.8 8/10","11.463","10.6","0.1","ARRI ALEXA 35"
"12:03:43:07","A_0008C005_250523_110242_h1CBB","COOKE S4 955","955","32","T 2.8 8/10","11.339","10.6","0.1","ARRI ALEXA 35"
"12:03:43:08","A_0008C005_250523_110242_h1CBB","COOKE S4 955","955","32","T 2.8 8/10","11.276","10.6","0.1","ARRI ALEXA 35"
"12:03:43:09","A_0008C005_250523_110242_h1CBB","COOKE S4 955","955","32","T 2.8 8/10","11.201","10.6","0.1","ARRI ALEXA 35"
"12:03:43:10","A_0008C005_250523_110242_h1CBB","COOKE S4 955","955","32","T 2.8 8/10","11.125","10.6","0.1","ARRI ALEXA 35"
"12:03:43:11","A_0008C005_250523_110242_h1CBB","COOKE S4 955","955","32","T 2.8 8/10","11.024","10.6","0.1","ARRI ALEXA 35"
"12:03:43:12","A_0008C005_250523_110242_h1CBB","COOKE S4 955","955","32","T 2.8 8/10","10.965","10.6","0.1","ARRI ALEXA 35"
"12:03:43:13","A_0008C005_250523_110242_h1CBB","COOKE S4 955","955","32","T 2.8 8/10","10.922","10.6","0.1","ARRI ALEXA 35"
"12:03:43:14","A_0008C005_250523_110242_h1CBB","COOKE S4 955","955","32","T 2.8 8/10","10.807","10.6","0.1","ARRI ALEXA 35"
"12:03:43:15","A_0008C005_250523_110242_h1CBB","COOKE S4 955","955","32","T 2.8 8/10","10.656","10.6","0.1","ARRI ALEXA 35"
"12:03:43:16","A_0008C005_250523_110242_h1CBB","COOKE S4 955","955","32","T 2.8 8/10","10.587","10.6","0.1","ARRI ALEXA 35"
"12:03:43:17","A_0008C005_250523_110242_h1CBB","COOKE S4 955","955","32","T 2.8 8/10","10.456","10.6","0.1","ARRI ALEXA 35"
"12:03:43:18","A_0008C005_250523_110242_h1CBB","COOKE S4 955","955","32","T 2.8 8/10","10.364","10.6","0.1","ARRI ALEXA 35"
"12:03:43:19","A_0008C005_250523_110242_h1CBB","COOKE S4 955","955","32","T 2.8 8/10","10.289","10.6","0.1","ARRI ALEXA 35"
"12:03:43:20","A_0008C005_250523_110242_h1CBB","COOKE S4 955","955","32","T 2.8 8/10","10.066","10.6","0.1","ARRI ALEXA 35"
"12:03:43:21","A_0008C005_250523_110242_h1CBB","COOKE S4 955","955","32","T 2.8 8/10","10.016","10.6","0.1","ARRI ALEXA 35"
"12:03:43:22","A_0008C005_250523_110242_h1CBB","COOKE S4 955","955","32","T 2.8 8/10","9.747","10.3","0.1","ARRI ALEXA 35"
"12:03:43:23","A_0008C005_250523_110242_h1CBB","COOKE S4 955","955","32","T 2.8 8/10","9.678","10","0.1","ARRI ALEXA 35"
"12:03:44:00","A_0008C005_250523_110242_h1CBB","COOKE S4 955","955","32","T 2.8 8/10","9.59","9.7","0","ARRI ALEXA 35"
"12:03:44:01","A_0008C005_250523_110242_h1CBB","COOKE S4 955","955","32","T 2.8 7/10","9.383","9.3","0","ARRI ALEXA 35"
"12:03:44:02","A_0008C005_250523_110242_h1CBB","COOKE S4 955","955","32","T 2.8 7/10","9.354","9","0","ARRI ALEXA 35"
"12:03:44:03","A_0008C005_250523_110242_h1CBB","COOKE S4 955","955","32","T 2.8 7/10","9.278","8.4","0","ARRI ALEXA 35"
"12:03:44:04","A_0008C005_250523_110242_h1CBB","COOKE S4 955","955","32","T 2.8 7/10","9.268","8.4","0","ARRI ALEXA 35"
"12:03:44:05","A_0008C005_250523_110242_h1CBB","COOKE S4 955","955","32","T 2.8 7/10","9.177","7.8","0","ARRI ALEXA 35"
"12:03:44:06","A_0008C005_250523_110242_h1CBB","COOKE S4 955","955","32","T 2.8 7/10","9.127","7.5","0","ARRI ALEXA 35"
"12:03:44:07","A_0008C005_250523_110242_h1CBB","COOKE S4 955","955","32","T 2.8 7/10","9.058","7","0","ARRI ALEXA 35"
"12:03:44:08","A_0008C005_250523_110242_h1CBB","COOKE S4 955","955","32","T 2.8 7/10","8.914","6.7","0","ARRI ALEXA 35"
"12:03:44:09","A_0008C005_250523_110242_h1CBB","COOKE S4 955","955","32","T 2.8 7/10","8.865","6","0","ARRI ALEXA 35"
"12:03:44:10","A_0008C005_250523_110242_h1CBB","COOKE S4 955","955","32","T 2.8 7/10","8.845","5.7","0","ARRI ALEXA 35"
"12:03:44:11","A_0008C005_250523_110242_h1CBB","COOKE S4 955","955","32","T 2.8 7/10","8.845","5.3","0","ARRI ALEXA 35"
"12:03:44:12","A_0008C005_250523_110242_h1CBB","COOKE S4 955","955","32","T 2.8 7/10","8.789","4.5","0","ARRI ALEXA 35"
"12:03:44:13","A_0008C005_250523_110242_h1CBB","COOKE S4 955","955","32","T 2.8 7/10","8.789","4.1","0","ARRI ALEXA 35"
"12:03:44:14","A_0008C005_250523_110242_h1CBB","COOKE S4 955","955","32","T 2.8 7/10","8.773","3.4","0","ARRI ALEXA 35"
"12:03:44:15","A_0008C005_250523_110242_h1CBB","COOKE S4 955","955","32","T 2.8 7/10","8.661","2.6","0","ARRI ALEXA 35"
"12:03:44:16","A_0008C005_250523_110242_h1CBB","COOKE S4 955","955","32","T 2.8 7/10","8.645","2","0","ARRI ALEXA 35"
"12:03:44:17","A_0008C005_250523_110242_h1CBB","COOKE S4 955","955","32","T 2.8 7/10","8.599","1.5","0","ARRI ALEXA 35"
"12:03:44:18","A_0008C005_250523_110242_h1CBB","COOKE S4 955","955","32","T 2.8 7/10","8.593","0.6","0","ARRI ALEXA 35"
"12:03:44:19","A_0008C005_250523_110242_h1CBB","COOKE S4 955","955","32","T 2.8 7/10","8.573","-0.1","0","ARRI ALEXA 35"
"12:03:44:20","A_0008C005_250523_110242_h1CBB","COOKE S4 955","955","32","T 2.8 7/10","8.556","-0.6","0","ARRI ALEXA 35"
"12:03:44:21","A_0008C005_250523_110242_h1CBB","COOKE S4 955","955","32","T 2.8 6/10","8.537","-1.2","0","ARRI ALEXA 35"
"12:03:44:22","A_0008C005_250523_110242_h1CBB","COOKE S4 955","955","32","T 2.8 6/10","8.53","-1.6","0","ARRI ALEXA 35"
"12:03:44:23","A_0008C005_250523_110242_h1CBB","COOKE S4 955","955","32","T 2.8 6/10","8.53","-2","0","ARRI ALEXA 35"
"12:03:45:00","A_0008C005_250523_110242_h1CBB","COOKE S4 955","955","32","T 2.8 6/10","8.51","-2.5","0","ARRI ALEXA 35"
"12:03:45:01","A_0008C005_250523_110242_h1CBB","COOKE S4 955","955","32","T 2.8 6/10","8.488","-2.8","0","ARRI ALEXA 35"
"12:03:45:02","A_0008C005_250523_110242_h1CBB","COOKE S4 955","955","32","T 2.8 6/10","8.468","-3.1","0","ARRI ALEXA 35"
"12:03:45:03","A_0008C005_250523_110242_h1CBB","COOKE S4 955","955","32","T 2.8 6/10","8.442","-3.8","0.1","ARRI ALEXA 35"
"12:03:45:04","A_0008C005_250523_110242_h1CBB","COOKE S4 955","955","32","T 2.8 6/10","8.399","-4.5","0.1","ARRI ALEXA 35"
"12:03:45:05","A_0008C005_250523_110242_h1CBB","COOKE S4 955","955","32","T 2.8 6/10","8.383","-4.9","0.1","ARRI ALEXA 35"
"12:03:45:06","A_0008C005_250523_110242_h1CBB","COOKE S4 955","955","32","T 2.8 6/10","8.383","-5.5","0.1","ARRI ALEXA 35"
"12:03:45:07","A_0008C005_250523_110242_h1CBB","COOKE S4 955","955","32","T 2.8 6/10","8.35","-6","0.1","ARRI ALEXA 35"
"12:03:45:08","A_0008C005_250523_110242_h1CBB","COOKE S4 955","955","32","T 2.8 6/10","8.35","-6.3","0.1","ARRI ALEXA 35"
"12:03:45:09","A_0008C005_250523_110242_h1CBB","COOKE S4 955","955","32","T 2.8 6/10","8.343","-6.6","0.2","ARRI ALEXA 35"
"12:03:45:10","A_0008C005_250523_110242_h1CBB","COOKE S4 955","955","32","T 2.8 6/10","8.343","-6.9","0.2","ARRI ALEXA 35"
"12:03:45:11","A_0008C005_250523_110242_h1CBB","COOKE S4 955","955","32","T 2.8 6/10","8.323","-7.1","0.2","ARRI ALEXA 35"
"12:03:45:12","A_0008C005_250523_110242_h1CBB","COOKE S4 955","955","32","T 2.8 6/10","8.307","-7.4","0.2","ARRI ALEXA 35"
"12:03:45:13","A_0008C005_250523_110242_h1CBB","COOKE S4 955","955","32","T 2.8 6/10","8.307","-7.6","0.2","ARRI ALEXA 35"
"12:03:45:14","A_0008C005_250523_110242_h1CBB","COOKE S4 955","955","32","T 2.8 6/10","8.268","-7.8","0.2","ARRI ALEXA 35"
"12:03:45:15","A_0008C005_250523_110242_h1CBB","COOKE S4 955","955","32","T 2.8 6/10","8.241","-8","0.2","ARRI ALEXA 35"
"12:03:45:16","A_0008C005_250523_110242_h1CBB","COOKE S4 955","955","32","T 2.8 6/10","8.225","-8.1","0.3","ARRI ALEXA 35"
"12:03:45:17","A_0008C005_250523_110242_h1CBB","COOKE S4 955","955","32","T 2.8 6/10","8.225","-8.1","0.3","ARRI ALEXA 35"
"12:03:45:18","A_0008C005_250523_110242_h1CBB","COOKE S4 955","955","32","T 2.8 6/10","8.225","-8.1","0.3","ARRI ALEXA 35"
"12:03:45:19","A_0008C005_250523_110242_h1CBB","COOKE S4 955","955","32","T 2.8 6/10","8.225","-8.1","0.3","ARRI ALEXA 35"
"12:03:45:20","A_0008C005_250523_110242_h1CBB","COOKE S4 955","955","32","T 2.8 6/10","8.225","-7.8","0.3","ARRI ALEXA 35"
"12:03:45:21","A_0008C005_250523_110242_h1CBB","COOKE S4 955","955","32","T 2.8 6/10","8.225","-7.8","0.3","ARRI ALEXA 35"
"12:03:45:22","A_0008C005_250523_110242_h1CBB","COOKE S4 955","955","32","T 2.8 6/10","8.225","-7.8","0.3","ARRI ALEXA 35"
"12:03:45:23","A_0008C005_250523_110242_h1CBB","COOKE S4 955","955","32","T 2.8 6/10","8.225","-7.8","0.3","ARRI ALEXA 35"
"12:03:46:00","A_0008C005_250523_110242_h1CBB","COOKE S4 955","955","32","T 2.8 6/10","8.219","-7.8","0.3","ARRI ALEXA 35"
"12:03:46:01","A_0008C005_250523_110242_h1CBB","COOKE S4 955","955","32","T 2.8 6/10","8.219","-7.8","0.3","ARRI ALEXA 35"
"12:03:46:02","A_0008C005_250523_110242_h1CBB","COOKE S4 955","955","32","T 2.8 6/10","8.202","-7.8","0.3","ARRI ALEXA 35"
"12:03:46:03","A_0008C005_250523_110242_h1CBB","COOKE S4 955","955","32","T 2.8 6/10","8.202","-7.8","0.3","ARRI ALEXA 35"
"12:03:46:04","A_0008C005_250523_110242_h1CBB","COOKE S4 955","955","32","T 2.8 6/10","8.169","-7.8","0.3","ARRI ALEXA 35"
"12:03:46:05","A_0008C005_250523_110242_h1CBB","COOKE S4 955","955","32","T 2.8 6/10","8.146","-7.8","0.3","ARRI ALEXA 35"
"12:03:46:06","A_0008C005_250523_110242_h1CBB","COOKE S4 955","955","32","T 2.8 6/10","8.13","-7.8","0.3","ARRI ALEXA 35"
"12:03:46:07","A_0008C005_250523_110242_h1CBB","COOKE S4 955","955","32","T 2.8 6/10","8.123","-7.8","0.3","ARRI ALEXA 35"
"12:03:46:08","A_0008C005_250523_110242_h1CBB","COOKE S4 955","955","32","T 2.8 6/10","8.091","-7.8","0.3","ARRI ALEXA 35"
"12:03:46:09","A_0008C005_250523_110242_h1CBB","COOKE S4 955","955","32","T 2.8 6/10","8.091","-7.8","0.3","ARRI ALEXA 35"
"12:03:46:10","A_0008C005_250523_110242_h1CBB","COOKE S4 955","955","32","T 2.8 6/10","8.084","-7.8","0.3","ARRI ALEXA 35"
"12:03:46:11","A_0008C005_250523_110242_h1CBB","COOKE S4 955","955","32","T 2.8 6/10","8.084","-7.8","0.3","ARRI ALEXA 35"
"12:03:46:12","A_0008C005_250523_110242_h1CBB","COOKE S4 955","955","32","T 2.8 6/10","8.051","-7.8","0.3","ARRI ALEXA 35"
"12:03:46:13","A_0008C005_250523_110242_h1CBB","COOKE S4 955","955","32","T 2.8 6/10","8.051","-7.8","0.3","ARRI ALEXA 35"
"12:03:46:14","A_0008C005_250523_110242_h1CBB","COOKE S4 955","955","32","T 2.8 6/10","8.028","-7.8","0.3","ARRI ALEXA 35"
"12:03:46:15","A_0008C005_250523_110242_h1CBB","COOKE S4 955","955","32","T 2.8 6/10","8.028","-7.8","0.3","ARRI ALEXA 35"
"12:03:46:16","A_0008C005_250523_110242_h1CBB","COOKE S4 955","955","32","T 2.8 6/10","8.028","-7.8","0.3","ARRI ALEXA 35"
"12:03:46:17","A_0008C005_250523_110242_h1CBB","COOKE S4 955","955","32","T 2.8 6/10","8.028","-7.8","0.3","ARRI ALEXA 35"
"12:03:46:18","A_0008C005_250523_110242_h1CBB","COOKE S4 955","955","32","T 2.8 6/10","8.028","-7.8","0.3","ARRI ALEXA 35"
"12:03:46:19","A_0008C005_250523_110242_h1CBB","COOKE S4 955","955","32","T 2.8 6/10","8.028","-7.9","0.3","ARRI ALEXA 35"
"12:03:46:20","A_0008C005_250523_110242_h1CBB","COOKE S4 955","955","32","T 2.8 6/10","8.028","-7.9","0.3","ARRI ALEXA 35"
"12:03:46:21","A_0008C005_250523_110242_h1CBB","COOKE S4 955","955","32","T 2.8 6/10","8.028","-7.9","0.3","ARRI ALEXA 35"
"12:03:46:22","A_0008C005_250523_110242_h1CBB","COOKE S4 955","955","32","T 2.8 6/10","8.028","-8","0.3","ARRI ALEXA 35"
"12:03:46:23","A_0008C005_250523_110242_h1CBB","COOKE S4 955","955","32","T 2.8 6/10","8.028","-8","0.3","ARRI ALEXA 35"
"12:03:47:00","A_0008C005_250523_110242_h1CBB","COOKE S4 955","955","32","T 2.8 6/10","8.028","-8.1","0.3","ARRI ALEXA 35"
"12:03:47:01","A_0008C005_250523_110242_h1CBB","COOKE S4 955","955","32","T 2.8 6/10","8.028","-8.1","0.3","ARRI ALEXA 35"
"12:03:47:02","A_0008C005_250523_110242_h1CBB","COOKE S4 955","955","32","T 2.8 6/10","8.028","-8.1","0.3","ARRI ALEXA 35"
"12:03:47:03","A_0008C005_250523_110242_h1CBB","COOKE S4 955","955","32","T 2.8 6/10","8.028","-8.1","0.3","ARRI ALEXA 35"
"12:03:47:04","A_0008C005_250523_110242_h1CBB","COOKE S4 955","955","32","T 2.8 6/10","8.012","-8.2","0.3","ARRI ALEXA 35"
"12:03:47:05","A_0008C005_250523_110242_h1CBB","COOKE S4 955","955","32","T 2.8 6/10","7.989","-8.2","0.3","ARRI ALEXA 35"
"12:03:47:06","A_0008C005_250523_110242_h1CBB","COOKE S4 955","955","32","T 2.8 6/10","7.989","-8.2","0.3","ARRI ALEXA 35"
"12:03:47:07","A_0008C005_250523_110242_h1CBB","COOKE S4 955","955","32","T 2.8 6/10","7.976","-8.2","0.3","ARRI ALEXA 35"
"12:03:47:08","A_0008C005_250523_110242_h1CBB","COOKE S4 955","955","32","T 2.8 6/10","7.976","-8.2","0.3","ARRI ALEXA 35"
"12:03:47:09","A_0008C005_250523_110242_h1CBB","COOKE S4 955","955","32","T 2.8 6/10","7.976","-8.2","0.3","ARRI ALEXA 35"
"12:03:47:10","A_0008C005_250523_110242_h1CBB","COOKE S4 955","955","32","T 2.8 6/10","7.976","-8.2","0.3","ARRI ALEXA 35"
"12:03:47:11","A_0008C005_250523_110242_h1CBB","COOKE S4 955","955","32","T 2.8 6/10","8.012","-8.2","0.3","ARRI ALEXA 35"
"12:03:47:12","A_0008C005_250523_110242_h1CBB","COOKE S4 955","955","32","T 2.8 6/10","8.084","-8.2","0.3","ARRI ALEXA 35"
"12:03:47:13","A_0008C005_250523_110242_h1CBB","COOKE S4 955","955","32","T 2.8 6/10","8.091","-8.2","0.3","ARRI ALEXA 35"
"12:03:47:14","A_0008C005_250523_110242_h1CBB","COOKE S4 955","955","32","T 2.8 6/10","8.123","-8.2","0.3","ARRI ALEXA 35"
"12:03:47:15","A_0008C005_250523_110242_h1CBB","COOKE S4 955","955","32","T 2.8 6/10","8.13","-8.2","0.3","ARRI ALEXA 35"
"12:03:47:16","A_0008C005_250523_110242_h1CBB","COOKE S4 955","955","32","T 2.8 6/10","8.146","-8.2","0.3","ARRI ALEXA 35"
"12:03:47:17","A_0008C005_250523_110242_h1CBB","COOKE S4 955","955","32","T 2.8 6/10","8.146","-8.2","0.3","ARRI ALEXA 35"
"12:03:47:18","A_0008C005_250523_110242_h1CBB","COOKE S4 955","955","32","T 2.8 6/10","8.163","-8.2","0.3","ARRI ALEXA 35"
"12:03:47:19","A_0008C005_250523_110242_h1CBB","COOKE S4 955","955","32","T 2.8 6/10","8.169","-8.2","0.3","ARRI ALEXA 35"
"12:03:47:20","A_0008C005_250523_110242_h1CBB","COOKE S4 955","955","32","T 2.8 6/10","8.169","-8.2","0.3","ARRI ALEXA 35"
"12:03:47:21","A_0008C005_250523_110242_h1CBB","COOKE S4 955","955","32","T 2.8 6/10","8.169","-8.2","0.3","ARRI ALEXA 35"
"12:03:47:22","A_0008C005_250523_110242_h1CBB","COOKE S4 955","955","32","T 2.8 6/10","8.169","-8.2","0.3","ARRI ALEXA 35"
"12:03:47:23","A_0008C005_250523_110242_h1CBB","COOKE S4 955","955","32","T 2.8 6/10","8.169","-8.2","0.3","ARRI ALEXA 35"
"12:03:48:00","A_0008C005_250523_110242_h1CBB","COOKE S4 955","955","32","T 2.8 6/10","8.169","-8.2","0.3","ARRI ALEXA 35"
"12:03:48:01","A_0008C005_250523_110242_h1CBB","COOKE S4 955","955","32","T 2.8 6/10","8.169","-8.2","0.3","ARRI ALEXA 35"
"12:03:48:02","A_0008C005_250523_110242_h1CBB","COOKE S4 955","955","32","T 2.8 6/10","8.169","-8.2","0.3","ARRI ALEXA 35"
"12:03:48:03","A_0008C005_250523_110242_h1CBB","COOKE S4 955","955","32","T 2.8 6/10","8.163","-8.2","0.3","ARRI ALEXA 35"
"12:03:48:04","A_0008C005_250523_110242_h1CBB","COOKE S4 955","955","32","T 2.8 6/10","8.107","-8.2","0.3","ARRI ALEXA 35"
"12:03:48:05","A_0008C005_250523_110242_h1CBB","COOKE S4 955","955","32","T 2.8 6/10","8.005","-8.2","0.3","ARRI ALEXA 35"
"12:03:48:06","A_0008C005_250523_110242_h1CBB","COOKE S4 955","955","32","T 2.8 6/10","7.89","-8.2","0.3","ARRI ALEXA 35"
"12:03:48:07","A_0008C005_250523_110242_h1CBB","COOKE S4 955","955","32","T 2.8 6/10","7.838","-8.2","0.3","ARRI ALEXA 35"
"12:03:48:08","A_0008C005_250523_110242_h1CBB","COOKE S4 955","955","32","T 2.8 6/10","7.687","-8.2","0.3","ARRI ALEXA 35"
"12:03:48:09","A_0008C005_250523_110242_h1CBB","COOKE S4 955","955","32","T 2.8 6/10","7.644","-8.2","0.3","ARRI ALEXA 35"
"12:03:48:10","A_0008C005_250523_110242_h1CBB","COOKE S4 955","955","32","T 2.8 6/10","7.575","-8.2","0.3","ARRI ALEXA 35"
"12:03:48:11","A_0008C005_250523_110242_h1CBB","COOKE S4 955","955","32","T 2.8 6/10","7.536","-8.2","0.3","ARRI ALEXA 35"
"12:03:48:12","A_0008C005_250523_110242_h1CBB","COOKE S4 955","955","32","T 2.8 6/10","7.513","-8.2","0.3","ARRI ALEXA 35"
"12:03:48:13","A_0008C005_250523_110242_h1CBB","COOKE S4 955","955","32","T 2.8 6/10","7.474","-8.2","0.3","ARRI ALEXA 35"
"12:03:48:14","A_0008C005_250523_110242_h1CBB","COOKE S4 955","955","32","T 2.8 6/10","7.454","-8.2","0.3","ARRI ALEXA 35"
"12:03:48:15","A_0008C005_250523_110242_h1CBB","COOKE S4 955","955","32","T 2.8 6/10","7.402","-8.2","0.3","ARRI ALEXA 35"
"12:03:48:16","A_0008C005_250523_110242_h1CBB","COOKE S4 955","955","32","T 2.8 6/10","7.362","-8.2","0.3","ARRI ALEXA 35"
"12:03:48:17","A_0008C005_250523_110242_h1CBB","COOKE S4 955","955","32","T 2.8 6/10","7.349","-8.2","0.3","ARRI ALEXA 35"
"12:03:48:18","A_0008C005_250523_110242_h1CBB","COOKE S4 955","955","32","T 2.8 6/10","7.316","-8.2","0.3","ARRI ALEXA 35"
"12:03:48:19","A_0008C005_250523_110242_h1CBB","COOKE S4 955","955","32","T 2.8 6/10","7.277","-8.3","0.3","ARRI ALEXA 35"
"12:03:48:20","A_0008C005_250523_110242_h1CBB","COOKE S4 955","955","32","T 2.8 6/10","7.241","-8.3","0.3","ARRI ALEXA 35"
"12:03:48:21","A_0008C005_250523_110242_h1CBB","COOKE S4 955","955","32","T 2.8 6/10","7.208","-8.3","0.3","ARRI ALEXA 35"
"12:03:48:22","A_0008C005_250523_110242_h1CBB","COOKE S4 955","955","32","T 2.8 6/10","7.172","-8.3","0.3","ARRI ALEXA 35"
"12:03:48:23","A_0008C005_250523_110242_h1CBB","COOKE S4 955","955","32","T 2.8 6/10","7.142","-8.3","0.3","ARRI ALEXA 35"
"12:03:49:00","A_0008C005_250523_110242_h1CBB","COOKE S4 955","955","32","T 2.8 6/10","7.129","-8.3","0.3","ARRI ALEXA 35"
"12:03:49:01","A_0008C005_250523_110242_h1CBB","COOKE S4 955","955","32","T 2.8 6/10","7.11","-8.3","0.3","ARRI ALEXA 35"
"12:03:49:02","A_0008C005_250523_110242_h1CBB","COOKE S4 955","955","32","T 2.8 6/10","7.103","-8.3","0.3","ARRI ALEXA 35"
"12:03:49:03","A_0008C005_250523_110242_h1CBB","COOKE S4 955","955","32","T 2.8 6/10","7.103","-8.3","0.3","ARRI ALEXA 35"
"12:03:49:04","A_0008C005_250523_110242_h1CBB","COOKE S4 955","955","32","T 2.8 6/10","7.103","-8.3","0.3","ARRI ALEXA 35"
"12:03:49:05","A_0008C005_250523_110242_h1CBB","COOKE S4 955","955","32","T 2.8 6/10","7.093","-8.3","0.3","ARRI ALEXA 35"
"12:03:49:06","A_0008C005_250523_110242_h1CBB","COOKE S4 955","955","32","T 2.8 6/10","7.093","-8.3","0.3","ARRI ALEXA 35"
"12:03:49:07","A_0008C005_250523_110242_h1CBB","COOKE S4 955","955","32","T 2.8 6/10","7.093","-8.3","0.3","ARRI ALEXA 35"
"12:03:49:08","A_0008C005_250523_110242_h1CBB","COOKE S4 955","955","32","T 2.8 6/10","7.093","-8.3","0.3","ARRI ALEXA 35"
"12:03:49:09","A_0008C005_250523_110242_h1CBB","COOKE S4 955","955","32","T 2.8 6/10","7.093","-8.3","0.3","ARRI ALEXA 35"
"12:03:49:10","A_0008C005_250523_110242_h1CBB","COOKE S4 955","955","32","T 2.8 6/10","7.093","-8.3","0.3","ARRI ALEXA 35"
"12:03:49:11","A_0008C005_250523_110242_h1CBB","COOKE S4 955","955","32","T 2.8 6/10","7.093","-8.3","0.3","ARRI ALEXA 35"
"12:03:49:12","A_0008C005_250523_110242_h1CBB","COOKE S4 955","955","32","T 2.8 6/10","7.221","-8.3","0.3","ARRI ALEXA 35"
"12:03:49:13","A_0008C005_250523_110242_h1CBB","COOKE S4 955","955","32","T 2.8 6/10","7.221","-8.3","0.3","ARRI ALEXA 35"
"12:03:49:14","A_0008C005_250523_110242_h1CBB","COOKE S4 955","955","32","T 2.8 6/10","7.221","-8.3","0.3","ARRI ALEXA 35"
"12:03:49:15","A_0008C005_250523_110242_h1CBB","COOKE S4 955","955","32","T 2.8 6/10","7.264","-8.3","0.3","ARRI ALEXA 35"
"12:03:49:16","A_0008C005_250523_110242_h1CBB","COOKE S4 955","955","32","T 2.8 6/10","7.316","-8.3","0.3","ARRI ALEXA 35"
"12:03:49:17","A_0008C005_250523_110242_h1CBB","COOKE S4 955","955","32","T 2.8 6/10","7.349","-8.3","0.3","ARRI ALEXA 35"
"12:03:49:18","A_0008C005_250523_110242_h1CBB","COOKE S4 955","955","32","T 2.8 6/10","7.434","-8.3","0.3","ARRI ALEXA 35"
"12:03:49:19","A_0008C005_250523_110242_h1CBB","COOKE S4 955","955","32","T 2.8 6/10","7.513","-8.3","0.3","ARRI ALEXA 35"
"12:03:49:20","A_0008C005_250523_110242_h1CBB","COOKE S4 955","955","32","T 2.8 6/10","7.556","-8.3","0.3","ARRI ALEXA 35"
"12:03:49:21","A_0008C005_250523_110242_h1CBB","COOKE S4 955","955","32","T 2.8 6/10","7.556","-8.3","0.3","ARRI ALEXA 35"
"12:03:49:22","A_0008C005_250523_110242_h1CBB","COOKE S4 955","955","32","T 2.8 6/10","7.569","-8.3","0.3","ARRI ALEXA 35"
"12:03:49:23","A_0008C005_250523_110242_h1CBB","COOKE S4 955","955","32","T 2.8 6/10","7.575","-8.3","0.3","ARRI ALEXA 35"
"12:03:50:00","A_0008C005_250523_110242_h1CBB","COOKE S4 955","955","32","T 2.8 6/10","7.589","-8.3","0.3","ARRI ALEXA 35"
"12:03:50:01","A_0008C005_250523_110242_h1CBB","COOKE S4 955","955","32","T 2.8 6/10","7.612","-8.3","0.3","ARRI ALEXA 35"
"12:03:50:02","A_0008C005_250523_110242_h1CBB","COOKE S4 955","955","32","T 2.8 6/10","7.631","-8.3","0.3","ARRI ALEXA 35"
"12:03:50:03","A_0008C005_250523_110242_h1CBB","COOKE S4 955","955","32","T 2.8 6/10","7.644","-8.3","0.3","ARRI ALEXA 35"
"12:03:50:04","A_0008C005_250523_110242_h1CBB","COOKE S4 955","955","32","T 2.8 6/10","7.651","-8.3","0.3","ARRI ALEXA 35"
"12:03:50:05","A_0008C005_250523_110242_h1CBB","COOKE S4 955","955","32","T 2.8 6/10","7.687","-8.3","0.3","ARRI ALEXA 35"
"12:03:50:06","A_0008C005_250523_110242_h1CBB","COOKE S4 955","955","32","T 2.8 6/10","7.687","-8.3","0.3","ARRI ALEXA 35"
"12:03:50:07","A_0008C005_250523_110242_h1CBB","COOKE S4 955","955","32","T 2.8 6/10","7.687","-8.3","0.3","ARRI ALEXA 35"
"12:03:50:08","A_0008C005_250523_110242_h1CBB","COOKE S4 955","955","32","T 2.8 6/10","7.7","-8.3","0.3","ARRI ALEXA 35"
"12:03:50:09","A_0008C005_250523_110242_h1CBB","COOKE S4 955","955","32","T 2.8 6/10","7.7","-8.3","0.3","ARRI ALEXA 35"
"12:03:50:10","A_0008C005_250523_110242_h1CBB","COOKE S4 955","955","32","T 2.8 6/10","7.7","-8.1","0.3","ARRI ALEXA 35"
"12:03:50:11","A_0008C005_250523_110242_h1CBB","COOKE S4 955","955","32","T 2.8 6/10","7.73","-8.1","0.3","ARRI ALEXA 35"
"12:03:50:12","A_0008C005_250523_110242_h1CBB","COOKE S4 955","955","32","T 2.8 6/10","7.73","-8.1","0.3","ARRI ALEXA 35"
"12:03:50:13","A_0008C005_250523_110242_h1CBB","COOKE S4 955","955","32","T 2.8 6/10","7.73","-8.1","0.3","ARRI ALEXA 35"
"12:03:50:14","A_0008C005_250523_110242_h1CBB","COOKE S4 955","955","32","T 2.8 6/10","7.73","-8.1","0.3","ARRI ALEXA 35"
"12:03:50:15","A_0008C005_250523_110242_h1CBB","COOKE S4 955","955","32","T 2.8 6/10","7.759","-8.1","0.3","ARRI ALEXA 35"
"12:03:50:16","A_0008C005_250523_110242_h1CBB","COOKE S4 955","955","32","T 2.8 6/10","7.782","-8.1","0.3","ARRI ALEXA 35"
"12:03:50:17","A_0008C005_250523_110242_h1CBB","COOKE S4 955","955","32","T 2.8 6/10","7.848","-8.1","0.3","ARRI ALEXA 35"
"12:03:50:18","A_0008C005_250523_110242_h1CBB","COOKE S4 955","955","32","T 2.8 6/10","7.89","-8.1","0.3","ARRI ALEXA 35"
"12:03:50:19","A_0008C005_250523_110242_h1CBB","COOKE S4 955","955","32","T 2.8 6/10","7.92","-8.1","0.3","ARRI ALEXA 35"
"12:03:50:20","A_0008C005_250523_110242_h1CBB","COOKE S4 955","955","32","T 2.8 6/10","7.976","-8.1","0.3","ARRI ALEXA 35"
"12:03:50:21","A_0008C005_250523_110242_h1CBB","COOKE S4 955","955","32","T 2.8 6/10","7.989","-8.1","0.3","ARRI ALEXA 35"
"12:03:50:22","A_0008C005_250523_110242_h1CBB","COOKE S4 955","955","32","T 2.8 6/10","8.005","-8.1","0.3","ARRI ALEXA 35"
"12:03:50:23","A_0008C005_250523_110242_h1CBB","COOKE S4 955","955","32","T 2.8 6/10","8.012","-8.1","0.3","ARRI ALEXA 35"
"12:03:51:00","A_0008C005_250523_110242_h1CBB","COOKE S4 955","955","32","T 2.8 6/10","8.012","-8.3","0.3","ARRI ALEXA 35"
"12:03:51:01","A_0008C005_250523_110242_h1CBB","COOKE S4 955","955","32","T 2.8 6/10","8.012","-8.4","0.3","ARRI ALEXA 35"
"12:03:51:02","A_0008C005_250523_110242_h1CBB","COOKE S4 955","955","32","T 2.8 6/10","8.012","-8.4","0.3","ARRI ALEXA 35"
"12:03:51:03","A_0008C005_250523_110242_h1CBB","COOKE S4 955","955","32","T 2.8 6/10","8.012","-8.4","0.3","ARRI ALEXA 35"
"12:03:51:04","A_0008C005_250523_110242_h1CBB","COOKE S4 955","955","32","T 2.8 6/10","8.012","-8.4","0.3","ARRI ALEXA 35"
"12:03:51:05","A_0008C005_250523_110242_h1CBB","COOKE S4 955","955","32","T 2.8 6/10","8.012","-8.4","0.3","ARRI ALEXA 35"
"12:03:51:06","A_0008C005_250523_110242_h1CBB","COOKE S4 955","955","32","T 2.8 6/10","8.012","-8.4","0.3","ARRI ALEXA 35"
"12:03:51:07","A_0008C005_250523_110242_h1CBB","COOKE S4 955","955","32","T 2.8 6/10","7.989","-8.4","0.3","ARRI ALEXA 35"
"12:03:51:08","A_0008C005_250523_110242_h1CBB","COOKE S4 955","955","32","T 2.8 6/10","7.93","-8.4","0.3","ARRI ALEXA 35"
"12:03:51:09","A_0008C005_250523_110242_h1CBB","COOKE S4 955","955","32","T 2.8 6/10","7.884","-8.4","0.3","ARRI ALEXA 35"
"12:03:51:10","A_0008C005_250523_110242_h1CBB","COOKE S4 955","955","32","T 2.8 6/10","7.867","-8.4","0.3","ARRI ALEXA 35"
"12:03:51:11","A_0008C005_250523_110242_h1CBB","COOKE S4 955","955","32","T 2.8 6/10","7.867","-8.4","0.3","ARRI ALEXA 35"
"12:03:51:12","A_0008C005_250523_110242_h1CBB","COOKE S4 955","955","32","T 2.8 6/10","7.848","-8.1","0.3","ARRI ALEXA 35"
"12:03:51:13","A_0008C005_250523_110242_h1CBB","COOKE S4 955","955","32","T 2.8 6/10","7.838","-8.1","0.3","ARRI ALEXA 35"
"12:03:51:14","A_0008C005_250523_110242_h1CBB","COOKE S4 955","955","32","T 2.8 6/10","7.808","-8.1","0.3","ARRI ALEXA 35"
"12:03:51:15","A_0008C005_250523_110242_h1CBB","COOKE S4 955","955","32","T 2.8 6/10","7.789","-8.1","0.3","ARRI ALEXA 35"
"12:03:51:16","A_0008C005_250523_110242_h1CBB","COOKE S4 955","955","32","T 2.8 6/10","7.782","-8.1","0.3","ARRI ALEXA 35"
"12:03:51:17","A_0008C005_250523_110242_h1CBB","COOKE S4 955","955","32","T 2.8 6/10","7.759","-8.1","0.3","ARRI ALEXA 35"
"12:03:51:18","A_0008C005_250523_110242_h1CBB","COOKE S4 955","955","32","T 2.8 6/10","7.73","-8.1","0.3","ARRI ALEXA 35"
"12:03:51:19","A_0008C005_250523_110242_h1CBB","COOKE S4 955","955","32","T 2.8 6/10","7.687","-8.1","0.3","ARRI ALEXA 35"
"12:03:51:20","A_0008C005_250523_110242_h1CBB","COOKE S4 955","955","32","T 2.8 6/10","7.644","-8.1","0.3","ARRI ALEXA 35"
"12:03:51:21","A_0008C005_250523_110242_h1CBB","COOKE S4 955","955","32","T 2.8 6/10","7.625","-8.1","0.3","ARRI ALEXA 35"
"12:03:51:22","A_0008C005_250523_110242_h1CBB","COOKE S4 955","955","32","T 2.8 6/10","7.602","-8.1","0.3","ARRI ALEXA 35"
"12:03:51:23","A_0008C005_250523_110242_h1CBB","COOKE S4 955","955","32","T 2.8 6/10","7.556","-8.1","0.3","ARRI ALEXA 35"
"12:03:52:00","A_0008C005_250523_110242_h1CBB","COOKE S4 955","955","32","T 2.8 6/10","7.513","-8.1","0.3","ARRI ALEXA 35"
"12:03:52:01","A_0008C005_250523_110242_h1CBB","COOKE S4 955","955","32","T 2.8 6/10","7.48","-8.1","0.3","ARRI ALEXA 35"
"12:03:52:02","A_0008C005_250523_110242_h1CBB","COOKE S4 955","955","32","T 2.8 6/10","7.454","-7.9","0.3","ARRI ALEXA 35"
"12:03:52:03","A_0008C005_250523_110242_h1CBB","COOKE S4 955","955","32","T 2.8 6/10","7.434","-7.9","0.3","ARRI ALEXA 35"
"12:03:52:04","A_0008C005_250523_110242_h1CBB","COOKE S4 955","955","32","T 2.8 6/10","7.421","-7.9","0.3","ARRI ALEXA 35"
"12:03:52:05","A_0008C005_250523_110242_h1CBB","COOKE S4 955","955","32","T 2.8 6/10","7.402","-7.9","0.3","ARRI ALEXA 35"
"12:03:52:06","A_0008C005_250523_110242_h1CBB","COOKE S4 955","955","32","T 2.8 6/10","7.402","-7.9","0.3","ARRI ALEXA 35"
"12:03:52:07","A_0008C005_250523_110242_h1CBB","COOKE S4 955","955","32","T 2.8 6/10","7.402","-8.1","0.3","ARRI ALEXA 35"
"12:03:52:08","A_0008C005_250523_110242_h1CBB","COOKE S4 955","955","32","T 2.8 6/10","7.402","-8.1","0.3","ARRI ALEXA 35"
"12:03:52:09","A_0008C005_250523_110242_h1CBB","COOKE S4 955","955","32","T 2.8 6/10","7.402","-8.3","0.3","ARRI ALEXA 35"
"12:03:52:10","A_0008C005_250523_110242_h1CBB","COOKE S4 955","955","32","T 2.8 6/10","7.402","-8.4","0.3","ARRI ALEXA 35"
"12:03:52:11","A_0008C005_250523_110242_h1CBB","COOKE S4 955","955","32","T 2.8 6/10","7.402","-8.4","0.3","ARRI ALEXA 35"
"12:03:52:12","A_0008C005_250523_110242_h1CBB","COOKE S4 955","955","32","T 2.8 6/10","7.402","-8.6","0.3","ARRI ALEXA 35"
"12:03:52:13","A_0008C005_250523_110242_h1CBB","COOKE S4 955","955","32","T 2.8 6/10","7.402","-8.7","0.1","ARRI ALEXA 35"
"12:03:52:14","A_0008C005_250523_110242_h1CBB","COOKE S4 955","955","32","T 2.8 6/10","7.402","-8.8","0.1","ARRI ALEXA 35"
"12:03:52:15","A_0008C005_250523_110242_h1CBB","COOKE S4 955","955","32","T 2.8 6/10","7.402","-9","0.1","ARRI ALEXA 35"
"12:03:52:16","A_0008C005_250523_110242_h1CBB","COOKE S4 955","955","32","T 2.8 6/10","7.402","-9","0.1","ARRI ALEXA 35"
"12:03:52:17","A_0008C005_250523_110242_h1CBB","COOKE S4 955","955","32","T 2.8 6/10","7.402","-9","0.1","ARRI ALEXA 35"
"12:03:52:18","A_0008C005_250523_110242_h1CBB","COOKE S4 955","955","32","T 2.8 6/10","7.402","-9.2","0.1","ARRI ALEXA 35"
"12:03:52:19","A_0008C005_250523_110242_h1CBB","COOKE S4 955","955","32","T 2.8 6/10","7.402","-9.2","0.1","ARRI ALEXA 35"
"12:03:52:20","A_0008C005_250523_110242_h1CBB","COOKE S4 955","955","32","T 2.8 6/10","7.402","-9.2","0.1","ARRI ALEXA 35"
"12:03:52:21","A_0008C005_250523_110242_h1CBB","COOKE S4 955","955","32","T 2.8 6/10","7.402","-9.2","0.1","ARRI ALEXA 35"
"12:03:52:22","A_0008C005_250523_110242_h1CBB","COOKE S4 955","955","32","T 2.8 6/10","7.402","-9.2","0.1","ARRI ALEXA 35"
"12:03:52:23","A_0008C005_250523_110242_h1CBB","COOKE S4 955","955","32","T 2.8 6/10","7.402","-9.2","0.1","ARRI ALEXA 35"
"12:03:53:00","A_0008C005_250523_110242_h1CBB","COOKE S4 955","955","32","T 2.8 6/10","7.402","-9.2","0.1","ARRI ALEXA 35"
"12:03:53:01","A_0008C005_250523_110242_h1CBB","COOKE S4 955","955","32","T 2.8 6/10","7.402","-9.2","0.1","ARRI ALEXA 35"
"12:03:53:02","A_0008C005_250523_110242_h1CBB","COOKE S4 955","955","32","T 2.8 6/10","7.402","-9","0.1","ARRI ALEXA 35"
"12:03:53:03","A_0008C005_250523_110242_h1CBB","COOKE S4 955","955","32","T 2.8 6/10","7.402","-8.7","0.1","ARRI ALEXA 35"
"12:03:53:04","A_0008C005_250523_110242_h1CBB","COOKE S4 955","955","32","T 2.8 6/10","7.402","-8.4","0.1","ARRI ALEXA 35"
